dates,AZCAPOTZALCO,COYOACAN,CUAJIMALPA_DE_MORELOS,GUSTAVO_A_MADERO,IZTACALCO,IZTAPALAPA,LA_MAGDALENA_CONTRERAS,MILPA_ALTA,ALVARO_OBREGON,TLAHUAC,TLALPAN,XOCHIMILCO,BENITO_JUAREZ,CUAUHTEMOC,MIGUEL_HIDALGO,VENUSTIANO_CARRANZA
03/03/2020,0,0,0,0,0,0,1,0,0,0,0,0,0,0,0,0
04/03/2020,0,0,0,0,0,0,0,0,0,0,0,0,0,0,0,0
05/03/2020,0,0,0,0,0,0,0,0,0,0,0,0,0,0,0,0
06/03/2020,0,0,0,0,0,0,0,0,0,0,0,1,0,0,0,0
07/03/2020,0,0,0,0,0,0,0,0,0,0,0,1,0,0,0,0
08/03/2020,0,0,0,0,0,0,0,0,0,0,0,1,0,0,0,0
09/03/2020,0,0,0,0,0,0,0,1,0,0,0,5,0,0,0,0
10/03/2020,0,0,0,0,0,0,0,1,0,0,0,2,0,0,0,0
11/03/2020,0,0,0,0,0,0,1,0,0,0,0,0,0,4,0,0
12/03/2020,0,0,2,4,0,3,9,1,0,0,0,2,0,2,0,4
13/03/2020,0,0,1,8,0,0,4,2,0,6,0,6,0,1,0,8
14/03/2020,0,0,2,4,1,1,4,1,0,5,0,2,0,1,0,11
15/03/2020,0,0,3,6,1,3,7,1,0,3,0,4,0,2,0,9
16/03/2020,0,0,3,8,3,2,2,2,0,2,0,2,0,5,0,14
17/03/2020,0,0,5,1,1,3,11,0,0,5,0,1,0,5,0,6
18/03/2020,0,0,0,3,2,2,9,1,0,1,0,4,0,3,0,8
19/03/2020,0,0,0,4,2,4,6,3,0,4,1,5,0,2,0,3
20/03/2020,0,0,1,3,13,3,16,2,0,11,0,2,0,3,0,5
21/03/2020,0,0,3,3,1,1,3,2,0,0,0,3,1,3,6,3
22/03/2020,4,4,4,1,3,2,15,0,0,2,0,2,2,3,1,0
23/03/2020,2,2,8,1,5,4,17,1,1,4,3,5,1,2,5,4
24/03/2020,1,1,2,3,3,2,12,1,1,2,0,8,6,1,3,8
25/03/2020,4,4,3,2,6,3,14,0,0,5,2,6,1,4,6,2
26/03/2020,8,8,4,0,12,3,24,2,0,11,2,5,3,2,11,6
27/03/2020,8,8,4,1,7,7,5,1,0,3,0,2,4,7,4,8
28/03/2020,3,3,3,3,12,4,11,1,0,5,1,9,2,4,7,4
29/03/2020,4,4,3,1,9,5,9,2,2,2,0,2,4,5,7,2
30/03/2020,5,5,6,3,17,4,13,7,0,14,3,5,3,10,4,7
31/03/2020,5,5,6,0,10,3,16,0,0,4,2,10,1,8,6,6
01/04/2020,11,11,9,2,23,4,26,3,3,12,4,9,5,14,13,9
02/04/2020,5,5,7,2,22,6,17,1,1,13,6,9,4,3,14,6
03/04/2020,4,4,5,5,14,8,24,4,0,11,7,7,7,10,7,2
04/04/2020,3,3,9,3,15,14,30,1,3,8,2,6,4,4,19,3
05/04/2020,9,9,8,1,14,9,22,2,4,8,1,21,10,10,13,6
06/04/2020,5,5,11,6,21,8,37,2,6,13,6,15,6,2,8,10
07/04/2020,8,8,11,0,25,14,30,4,1,9,5,23,8,7,12,2
08/04/2020,9,9,18,3,13,13,38,3,4,10,5,13,6,8,15,11
09/04/2020,7,7,11,5,15,11,50,2,8,13,7,13,12,11,9,7
10/04/2020,10,10,17,8,40,17,88,8,8,23,11,28,22,14,10,7
11/04/2020,16,16,12,3,33,7,43,7,6,13,4,21,10,13,7,10
12/04/2020,9,9,18,4,20,22,60,4,6,18,8,24,7,8,16,11
13/04/2020,15,15,26,7,36,30,57,6,8,22,5,32,14,9,15,15
14/04/2020,8,8,15,1,35,23,64,4,6,17,11,37,14,14,13,16
15/04/2020,11,11,26,2,41,33,86,11,12,28,13,50,18,11,21,15
16/04/2020,14,14,25,6,37,13,80,7,13,24,19,39,12,17,16,11
17/04/2020,9,9,27,3,46,30,82,9,17,36,20,30,21,18,23,15
18/04/2020,13,13,28,8,59,37,97,6,5,24,17,36,19,19,22,11
19/04/2020,16,16,24,7,60,26,83,11,13,23,12,21,23,14,22,17
20/04/2020,28,28,50,11,71,55,162,19,17,44,25,46,33,33,42,29
21/04/2020,18,18,26,7,46,34,91,18,12,27,9,28,20,15,29,15
22/04/2020,16,16,31,2,58,29,86,11,11,25,19,27,27,18,24,22
23/04/2020,17,17,30,3,46,31,127,16,14,26,14,22,20,25,19,13
24/04/2020,26,26,41,5,59,41,113,12,10,23,23,38,33,24,32,23
25/04/2020,28,28,30,9,64,34,117,11,9,36,23,31,30,23,29,24
26/04/2020,20,20,17,7,60,29,114,3,6,37,30,30,28,16,25,19
27/04/2020,25,25,40,9,65,39,144,14,11,40,37,46,37,27,40,20
28/04/2020,24,24,31,9,81,41,107,5,11,31,23,51,22,22,32,16
29/04/2020,23,23,19,6,55,33,97,10,11,23,22,23,19,17,34,9
30/04/2020,31,31,25,11,90,49,134,8,15,33,23,38,36,29,40,22
01/05/2020,46,46,65,6,119,76,233,27,36,55,43,59,53,25,62,26
02/05/2020,33,33,37,8,82,32,130,11,24,25,19,35,37,23,38,23
03/05/2020,32,32,36,5,55,32,159,15,12,43,27,40,31,23,41,25
04/05/2020,43,43,66,11,128,57,142,21,14,36,43,73,38,20,40,29
05/05/2020,54,54,43,5,88,46,162,14,14,51,38,53,52,23,46,27
06/05/2020,22,22,64,14,77,29,129,10,13,51,34,55,49,28,36,26
07/05/2020,36,36,43,11,85,56,118,15,15,43,35,51,59,24,48,30
08/05/2020,35,35,54,12,112,56,180,16,18,54,61,33,51,28,57,25
09/05/2020,61,61,55,7,82,39,138,17,20,43,26,47,41,24,41,26
10/05/2020,76,76,59,16,144,56,212,26,32,68,71,41,52,25,56,41
11/05/2020,54,54,58,11,114,50,140,26,21,65,49,50,53,33,55,41
12/05/2020,49,49,62,6,111,53,142,11,27,45,41,46,55,19,49,26
13/05/2020,39,39,37,10,103,45,160,15,17,31,26,47,48,19,50,21
14/05/2020,45,45,48,9,113,37,123,11,22,43,33,52,36,28,30,28
15/05/2020,62,62,62,26,134,62,187,18,27,63,72,57,75,29,65,46
16/05/2020,47,47,48,9,82,49,136,22,20,49,57,52,42,22,44,35
17/05/2020,34,34,67,10,93,39,147,19,26,45,37,47,53,31,33,38
18/05/2020,68,68,66,28,181,70,197,24,33,72,61,66,56,35,51,37
19/05/2020,48,48,50,12,106,28,169,13,25,57,31,58,40,28,44,17
20/05/2020,53,53,70,27,154,57,213,39,49,91,74,79,75,46,93,51
21/05/2020,33,33,43,10,92,41,132,24,22,46,46,42,43,35,39,40
22/05/2020,59,59,48,18,136,50,134,21,27,56,38,47,50,40,57,40
23/05/2020,57,57,49,16,92,35,127,18,17,56,30,49,40,35,42,29
24/05/2020,50,50,43,13,92,39,141,15,15,61,25,55,44,28,40,18
25/05/2020,60,60,70,27,153,53,183,34,49,72,46,85,77,47,83,44
26/05/2020,54,54,65,26,107,36,130,25,26,58,39,55,52,24,46,25
27/05/2020,46,46,61,34,106,36,103,13,21,46,43,49,46,32,61,31
28/05/2020,51,51,49,24,100,43,159,22,29,48,40,62,93,21,56,35
29/05/2020,58,58,56,26,119,34,139,19,19,64,36,48,44,31,44,28
30/05/2020,48,48,44,17,86,52,117,16,31,53,51,61,46,25,51,27
31/05/2020,45,45,51,13,102,33,116,20,25,47,36,60,56,26,36,28
01/06/2020,95,95,90,41,212,64,185,30,47,96,91,106,88,40,98,54
02/06/2020,44,44,53,23,145,35,115,14,35,68,46,52,68,20,33,41
03/06/2020,49,49,51,13,114,43,122,24,29,75,30,51,49,11,40,24
04/06/2020,49,49,57,19,87,31,147,17,18,74,36,65,75,26,41,34
05/06/2020,45,45,64,24,124,42,144,24,34,64,44,78,101,23,60,52
06/06/2020,43,43,49,14,102,27,121,19,26,98,35,61,67,30,63,27
07/06/2020,39,39,40,16,94,29,86,20,26,51,26,46,48,22,26,20
08/06/2020,62,62,51,9,114,44,141,27,40,76,32,80,67,28,46,34
09/06/2020,36,36,49,10,101,24,101,10,13,51,34,51,43,15,56,32
10/06/2020,66,66,56,35,121,47,154,18,28,91,56,130,55,49,52,50
11/06/2020,31,31,58,21,93,34,124,23,26,49,27,55,40,36,35,32
12/06/2020,39,39,70,11,101,53,115,27,27,66,39,73,50,25,28,43
13/06/2020,50,50,51,15,58,30,105,15,18,43,27,59,42,24,37,42
14/06/2020,58,58,43,8,81,23,53,12,26,48,32,35,27,15,32,41
15/06/2020,63,63,65,18,108,44,155,36,45,73,69,67,65,30,65,46
16/06/2020,46,46,46,13,84,28,109,21,24,65,37,60,56,19,38,30
17/06/2020,41,41,45,33,73,17,92,21,9,39,35,41,41,24,33,35
18/06/2020,44,44,52,27,78,29,100,27,19,79,41,62,52,47,54,30
19/06/2020,61,61,45,35,79,30,117,30,25,46,46,88,41,16,40,39
20/06/2020,64,64,70,31,126,37,163,22,34,93,57,128,52,23,72,40
21/06/2020,41,41,34,18,81,24,71,13,10,38,14,44,57,17,38,18
22/06/2020,43,43,54,12,82,35,93,32,22,77,35,74,46,28,45,28
23/06/2020,52,52,58,11,81,32,92,42,18,54,47,46,44,16,33,29
24/06/2020,47,47,66,12,79,27,87,23,18,43,40,63,46,24,44,22
25/06/2020,57,57,55,26,77,23,139,38,24,72,65,56,60,33,45,24
26/06/2020,51,51,62,18,101,28,140,29,28,60,55,84,48,22,64,42
27/06/2020,32,32,30,16,67,21,88,19,30,42,25,58,42,13,32,29
28/06/2020,56,56,49,31,88,29,101,15,24,58,41,60,34,29,44,26
29/06/2020,36,36,60,34,105,32,148,31,17,58,49,72,38,34,38,35
30/06/2020,38,38,56,36,89,30,113,35,23,87,66,78,53,39,45,36
01/07/2020,56,56,77,40,131,37,133,37,44,99,71,126,82,41,53,49
02/07/2020,65,65,54,28,84,26,115,55,19,76,54,55,49,23,45,19
03/07/2020,67,67,64,24,97,26,141,34,22,73,44,69,36,16,43,31
04/07/2020,34,34,40,19,74,26,97,20,28,54,28,52,34,19,51,35
05/07/2020,48,48,43,15,72,34,102,33,29,57,44,69,62,24,26,25
06/07/2020,39,39,53,20,74,41,111,32,14,69,41,83,64,25,36,37
07/07/2020,48,48,59,17,75,29,105,54,30,58,44,66,58,32,37,34
08/07/2020,44,44,61,23,82,25,90,48,18,70,44,65,47,15,46,35
09/07/2020,27,27,42,32,88,24,91,40,23,83,42,68,59,18,30,35
10/07/2020,71,71,107,44,153,38,158,30,52,106,66,134,82,38,67,74
11/07/2020,41,41,55,13,66,22,89,23,18,52,50,49,51,26,20,34
12/07/2020,33,33,55,11,86,25,117,29,26,54,50,65,52,17,29,36
13/07/2020,41,41,88,36,108,42,147,43,32,98,57,90,72,30,51,48
14/07/2020,20,20,66,13,101,32,106,35,25,66,45,72,49,31,41,49
15/07/2020,76,76,95,28,129,53,139,61,46,92,69,130,88,47,86,42
16/07/2020,46,46,75,14,97,37,122,52,19,81,32,66,41,19,56,27
17/07/2020,50,50,74,33,85,23,140,59,40,103,71,89,58,34,68,53
18/07/2020,48,48,66,19,87,39,105,32,20,95,57,76,58,26,38,39
19/07/2020,40,40,79,11,75,13,96,38,25,51,26,59,66,17,31,40
20/07/2020,76,76,88,54,202,58,183,46,40,106,71,144,79,48,64,105
21/07/2020,47,47,64,64,95,37,92,45,19,87,41,85,48,30,53,39
22/07/2020,58,58,68,23,72,29,125,47,22,60,47,69,58,22,41,28
23/07/2020,59,59,80,22,87,30,106,39,20,64,65,79,43,31,46,42
24/07/2020,42,42,54,50,69,35,120,52,20,74,38,78,50,24,55,33
25/07/2020,41,41,66,41,111,37,105,44,21,63,42,96,70,29,36,43
26/07/2020,47,47,57,10,77,27,107,27,18,54,25,51,36,24,22,25
27/07/2020,56,56,100,25,107,43,139,42,19,75,61,97,45,42,42,55
28/07/2020,41,41,57,17,81,42,87,62,17,97,41,91,34,35,42,45
29/07/2020,34,34,59,22,86,37,77,41,16,69,48,66,58,27,29,34
30/07/2020,33,33,64,29,96,29,97,41,15,69,66,66,51,21,43,31
31/07/2020,45,45,46,32,83,43,89,47,10,51,36,62,36,25,25,31
01/08/2020,50,50,96,24,119,49,149,45,19,109,58,113,72,40,59,54
02/08/2020,45,45,41,33,70,25,78,21,9,59,28,67,29,19,31,20
03/08/2020,64,64,73,29,102,30,108,47,22,67,56,61,41,39,44,23
04/08/2020,38,38,54,30,89,31,76,61,13,74,33,67,44,28,35,29
05/08/2020,33,33,70,45,97,37,109,67,19,72,45,65,43,36,43,41
06/08/2020,25,25,55,37,103,30,83,41,12,63,37,50,34,33,27,32
07/08/2020,62,62,67,52,104,41,89,43,19,76,58,83,56,24,32,31
08/08/2020,50,50,60,20,83,32,98,27,24,77,34,49,31,25,33,36
09/08/2020,39,39,45,17,60,18,77,27,18,44,19,56,24,26,25,27
10/08/2020,48,48,101,27,182,53,181,65,23,104,54,137,72,49,68,42
11/08/2020,36,36,72,32,94,54,98,54,14,54,44,76,40,55,32,35
12/08/2020,44,44,57,41,110,43,91,53,8,66,37,73,45,51,37,22
13/08/2020,38,38,53,18,104,42,87,41,16,67,37,66,44,33,34,26
14/08/2020,56,56,60,48,101,39,109,48,15,83,55,98,38,37,41,28
15/08/2020,48,48,74,14,106,36,128,26,34,95,47,82,44,53,59,47
16/08/2020,45,45,47,11,87,44,74,18,19,53,21,58,35,29,36,36
17/08/2020,69,69,70,38,111,44,118,50,26,100,43,96,63,38,53,32
18/08/2020,41,41,70,23,120,45,144,66,28,89,42,104,48,45,51,53
19/08/2020,52,52,58,28,98,41,92,47,18,65,59,55,32,25,54,53
20/08/2020,85,85,117,79,195,64,166,55,28,130,65,165,53,51,82,83
21/08/2020,75,75,71,50,124,45,119,39,8,61,40,115,46,46,41,37
22/08/2020,53,53,58,14,103,38,91,40,15,68,34,92,38,28,42,34
23/08/2020,45,45,63,10,82,33,80,19,16,62,31,63,46,30,38,38
24/08/2020,63,63,76,58,113,52,132,55,19,123,43,128,37,27,66,53
25/08/2020,64,64,77,28,122,57,145,51,24,169,61,131,56,39,54,55
26/08/2020,38,38,50,55,131,40,115,51,19,79,48,93,42,41,59,51
27/08/2020,47,47,51,57,123,43,117,47,17,105,35,130,44,40,61,41
28/08/2020,63,63,102,57,168,66,134,70,18,111,62,153,49,51,55,82
29/08/2020,42,42,64,10,127,25,101,41,8,84,31,84,38,34,37,26
30/08/2020,52,52,89,38,109,38,106,31,24,77,39,96,40,31,47,34
31/08/2020,43,43,72,29,117,51,141,25,20,109,51,121,49,41,56,51
01/09/2020,61,61,108,52,206,63,248,69,32,152,68,180,72,71,87,62
02/09/2020,50,50,74,81,112,33,131,42,21,124,60,130,42,39,53,28
03/09/2020,47,47,71,37,114,40,130,48,21,83,54,113,46,40,52,32
04/09/2020,46,46,45,48,163,23,109,37,18,97,59,93,55,44,51,29
05/09/2020,56,56,57,22,108,38,143,47,19,88,70,78,45,31,53,36
06/09/2020,47,47,54,12,80,27,76,10,13,66,30,71,33,21,48,20
07/09/2020,26,26,75,20,128,39,127,36,19,107,32,95,64,44,60,51
08/09/2020,38,38,53,75,105,29,103,60,19,101,41,108,49,47,66,42
09/09/2020,47,47,49,89,111,27,117,46,11,86,60,82,51,45,51,31
10/09/2020,63,63,81,24,157,64,170,37,25,100,58,123,64,40,75,33
11/09/2020,33,33,41,41,104,30,87,40,15,85,43,81,42,53,43,32
12/09/2020,37,37,47,14,74,38,84,36,9,66,29,69,44,37,28,28
13/09/2020,33,33,26,7,61,25,79,23,12,49,33,46,33,23,22,26
14/09/2020,59,59,58,21,117,53,113,33,17,88,43,103,50,28,53,54
15/09/2020,43,43,64,37,147,61,138,31,23,110,54,109,50,31,69,44
16/09/2020,42,42,46,8,93,33,83,25,11,61,34,75,42,24,49,25
17/09/2020,53,53,60,43,116,32,115,38,18,84,61,65,22,35,45,48
18/09/2020,68,68,69,32,133,47,147,47,11,82,54,117,46,37,61,50
19/09/2020,77,77,53,27,109,41,106,36,27,77,49,86,44,37,42,38
20/09/2020,76,76,74,13,146,48,170,22,28,112,55,160,58,49,65,50
21/09/2020,53,53,83,16,131,36,129,40,11,95,62,97,31,40,64,48
22/09/2020,39,39,47,39,117,46,92,39,21,95,45,98,50,34,53,39
23/09/2020,38,38,54,39,135,42,99,40,15,83,53,88,39,22,55,51
24/09/2020,59,59,69,33,102,39,113,41,11,65,49,79,42,29,47,38
25/09/2020,80,80,64,42,135,40,166,34,17,92,57,95,42,39,69,67
26/09/2020,73,73,41,6,125,33,87,28,13,76,44,89,42,29,51,39
27/09/2020,56,56,43,6,102,23,111,33,21,78,31,65,31,29,47,44
28/09/2020,66,66,59,16,179,36,130,31,18,80,50,96,51,40,55,40
29/09/2020,49,49,63,57,153,36,125,27,13,90,51,109,45,33,58,52
30/09/2020,43,43,55,38,151,40,134,29,17,74,47,76,56,47,57,38
01/10/2020,51,51,82,43,187,66,223,60,31,121,77,187,66,63,89,46
02/10/2020,40,40,49,5,112,42,128,56,17,71,41,84,45,26,56,26
03/10/2020,46,46,61,9,117,28,117,35,7,77,39,63,36,24,47,31
04/10/2020,35,35,54,12,86,23,86,28,6,90,24,102,26,27,30,24
05/10/2020,80,80,70,14,138,68,163,35,21,107,47,141,70,56,76,53
06/10/2020,38,38,37,52,130,28,133,42,12,81,45,105,52,43,61,40
07/10/2020,56,56,47,47,141,49,126,58,13,86,50,99,58,34,52,51
08/10/2020,53,53,61,34,113,47,161,42,15,88,42,93,61,35,51,44
09/10/2020,59,59,70,36,104,50,123,45,9,84,52,91,56,44,47,36
10/10/2020,88,88,99,8,183,74,263,29,24,190,89,154,76,56,91,65
11/10/2020,48,48,55,15,138,39,130,15,11,70,39,90,41,40,50,33
12/10/2020,58,58,77,17,167,89,208,46,21,104,58,109,62,60,80,66
13/10/2020,89,89,60,51,118,53,138,38,17,96,69,121,55,48,64,42
14/10/2020,72,72,79,27,109,54,171,39,14,84,61,102,72,39,55,39
15/10/2020,72,72,94,69,178,82,242,37,14,110,79,115,80,70,67,60
16/10/2020,82,82,95,34,178,64,188,38,32,121,69,122,84,49,69,47
17/10/2020,58,58,118,8,104,73,175,23,16,85,51,107,63,42,64,39
18/10/2020,91,91,94,13,151,45,172,40,12,74,55,142,47,30,58,38
19/10/2020,87,87,113,29,192,78,248,30,29,146,114,139,105,72,97,53
20/10/2020,93,93,169,69,319,91,382,57,35,191,118,198,101,92,140,72
21/10/2020,68,68,75,59,202,67,230,44,18,79,70,112,85,53,120,47
22/10/2020,68,68,74,66,153,55,212,55,16,116,83,94,86,54,101,59
23/10/2020,77,77,85,24,163,70,204,46,19,128,100,98,81,65,119,57
24/10/2020,95,95,79,9,119,49,181,36,14,86,46,93,58,62,66,49
25/10/2020,81,81,101,2,158,58,249,27,19,122,40,160,75,57,61,50
26/10/2020,87,87,107,42,194,75,272,94,17,154,67,168,88,74,128,64
27/10/2020,76,76,87,43,170,64,212,46,30,122,54,124,83,75,95,67
28/10/2020,73,73,105,43,189,51,223,53,25,166,75,115,68,71,101,63
29/10/2020,88,88,72,39,153,45,174,45,21,122,54,103,64,58,61,53
30/10/2020,110,110,98,33,185,58,181,46,26,133,83,137,83,69,82,48
31/10/2020,58,58,65,6,95,49,123,31,21,102,39,84,51,46,84,49
01/11/2020,130,130,141,10,196,90,239,47,30,152,77,278,78,89,141,76
02/11/2020,83,83,130,9,164,85,196,53,28,107,76,134,82,71,108,80
03/11/2020,85,85,135,79,202,94,202,80,21,176,87,120,89,101,126,85
04/11/2020,109,109,93,44,169,60,149,75,26,124,79,127,83,67,100,68
05/11/2020,64,64,109,52,211,68,225,70,23,172,75,152,92,86,119,73
06/11/2020,96,96,91,52,228,79,207,48,22,179,78,107,79,85,122,53
07/11/2020,115,115,73,22,153,87,171,39,21,144,69,144,93,58,96,46
08/11/2020,98,98,64,6,168,59,154,36,12,120,43,134,51,58,81,56
09/11/2020,137,137,115,63,299,94,215,75,32,231,82,184,93,101,145,82
10/11/2020,120,120,148,60,258,104,267,74,25,239,74,186,104,89,172,95
11/11/2020,74,74,87,50,176,101,224,53,18,242,92,163,69,94,114,64
12/11/2020,51,51,92,42,170,77,177,70,23,199,89,105,56,75,126,57
13/11/2020,80,80,85,44,211,89,152,40,20,177,69,135,72,57,101,71
14/11/2020,62,62,89,9,178,75,149,27,31,145,47,134,52,75,80,70
15/11/2020,118,118,106,4,187,61,233,31,29,202,46,218,91,72,117,84
16/11/2020,89,89,129,11,176,80,217,51,25,190,72,198,71,67,100,70
17/11/2020,85,85,96,23,245,80,242,82,24,247,99,191,105,84,123,92
18/11/2020,111,111,134,21,223,93,254,81,24,260,87,201,95,119,136,79
19/11/2020,84,84,104,29,192,96,218,54,19,225,116,187,90,52,107,71
20/11/2020,188,188,216,54,380,114,439,68,66,447,154,385,168,141,166,126
21/11/2020,142,142,106,15,162,98,259,78,39,287,68,244,111,99,120,81
22/11/2020,149,149,137,42,188,90,235,54,24,211,80,211,91,75,93,75
23/11/2020,93,93,187,81,320,103,357,91,49,362,163,298,161,132,167,143
24/11/2020,102,102,138,51,258,101,297,98,31,340,152,242,198,76,126,105
25/11/2020,159,159,168,40,300,119,443,108,65,362,160,363,176,109,158,100
26/11/2020,143,143,152,47,297,88,295,65,41,343,132,266,152,83,117,93
27/11/2020,167,167,171,67,289,112,377,81,69,374,192,249,185,106,121,101
28/11/2020,145,145,174,25,317,119,455,71,51,520,122,292,182,124,121,113
29/11/2020,139,139,178,44,237,96,400,74,33,238,96,247,144,81,123,91
30/11/2020,241,241,257,74,494,172,638,137,77,681,245,458,239,150,264,179
01/12/2020,370,370,295,59,490,153,759,139,90,601,285,685,287,225,270,185
02/12/2020,199,199,172,53,430,115,581,104,79,548,278,417,211,138,221,143
03/12/2020,184,184,213,62,449,144,489,105,75,565,209,334,302,158,210,133
04/12/2020,195,195,228,70,456,143,559,87,69,662,264,314,192,162,176,111
05/12/2020,263,263,215,29,406,124,649,80,84,738,203,501,223,115,203,146
06/12/2020,206,206,194,17,295,113,455,86,93,394,148,299,190,104,145,104
07/12/2020,205,205,260,92,586,154,752,144,90,666,286,455,348,155,280,178
08/12/2020,202,202,218,96,480,139,549,117,78,688,235,398,228,177,281,130
09/12/2020,168,168,228,75,488,174,619,135,71,727,248,401,257,139,220,156
10/12/2020,277,277,285,72,560,156,738,178,92,909,284,559,238,138,230,186
11/12/2020,211,211,272,83,456,161,635,161,96,778,239,412,252,133,231,153
12/12/2020,277,277,242,24,439,145,538,114,88,614,210,518,223,139,216,168
13/12/2020,139,139,228,43,371,113,491,114,92,358,169,358,181,102,168,113
14/12/2020,258,258,330,83,536,181,708,168,111,728,301,517,226,160,286,170
15/12/2020,291,291,287,102,532,174,715,176,100,725,271,448,261,173,270,165
16/12/2020,190,190,224,76,414,143,669,155,100,597,261,375,276,148,195,116
17/12/2020,181,181,275,87,417,180,623,146,76,550,221,344,202,124,183,154
18/12/2020,230,230,219,101,523,159,682,174,113,636,303,453,224,162,269,177
19/12/2020,201,201,194,40,428,121,496,123,61,572,233,385,200,123,174,144
20/12/2020,286,286,260,58,430,139,688,127,102,349,214,434,230,109,196,140
21/12/2020,198,198,244,84,457,148,669,148,83,552,236,384,235,128,205,190
22/12/2020,181,181,195,106,387,144,545,179,74,511,182,390,203,103,202,140
23/12/2020,209,209,200,86,416,158,507,121,77,569,201,371,188,109,186,147
24/12/2020,227,227,191,56,485,142,593,112,80,477,254,391,174,118,199,166
25/12/2020,417,417,197,26,383,131,539,96,87,324,180,382,201,83,174,149
26/12/2020,238,238,211,52,396,139,643,94,88,336,228,359,187,110,179,140
27/12/2020,221,221,198,84,349,123,750,97,105,423,169,322,176,109,159,124
28/12/2020,260,260,266,87,530,172,856,132,91,649,274,560,313,142,275,197
29/12/2020,155,155,182,61,361,118,748,138,64,531,228,372,176,119,180,132
30/12/2020,154,154,192,78,395,160,593,153,70,581,273,442,171,121,217,133
31/12/2020,377,377,225,30,514,174,743,102,75,568,299,483,205,131,212,157
01/01/2021,330,330,269,48,637,158,944,131,149,527,320,588,261,147,203,203
02/01/2021,244,244,252,27,540,164,769,114,85,660,249,394,220,121,195,170
03/01/2021,368,368,271,51,546,183,878,182,88,450,213,452,260,116,193,194
04/01/2021,391,391,347,102,756,264,1126,223,130,1043,343,728,332,199,315,289
05/01/2021,330,330,300,107,701,242,1158,259,79,750,288,633,325,186,332,173
06/01/2021,258,258,233,105,610,206,862,211,112,686,315,513,262,154,261,183
07/01/2021,300,300,256,85,612,216,936,211,76,709,313,493,275,139,280,192
08/01/2021,280,280,298,116,597,244,881,159,75,717,324,574,243,166,258,202
09/01/2021,280,280,272,55,517,202,909,173,93,801,256,689,272,155,238,176
10/01/2021,317,317,280,60,693,211,1182,132,111,483,320,695,288,142,218,198
11/01/2021,349,349,331,114,749,202,1161,215,124,880,320,702,324,183,293,238
12/01/2021,272,272,282,119,591,213,994,222,85,742,301,546,248,164,286,172
13/01/2021,222,222,270,97,571,166,833,147,103,704,320,481,310,125,271,162
14/01/2021,200,200,292,89,595,170,871,169,92,725,263,559,227,139,208,182
15/01/2021,256,256,288,117,677,189,963,146,92,861,320,626,261,140,259,194
16/01/2021,195,195,238,88,492,142,739,132,82,624,208,468,205,163,174,142
17/01/2021,232,232,188,38,421,114,539,109,86,306,185,371,204,102,144,129
18/01/2021,249,249,297,96,690,182,944,200,119,923,278,626,289,131,250,185
19/01/2021,208,208,237,104,474,145,777,182,99,760,317,532,228,109,265,144
20/01/2021,242,242,295,76,644,181,980,192,125,805,337,758,327,145,241,142
21/01/2021,158,158,247,70,479,164,698,122,70,675,242,408,211,186,155,99
22/01/2021,173,173,221,82,455,130,676,125,78,732,248,465,206,127,194,116
23/01/2021,177,177,164,74,407,113,639,85,62,599,159,291,190,105,164,108
24/01/2021,133,133,161,53,332,86,590,93,64,331,179,348,164,66,116,101
25/01/2021,210,210,263,75,592,182,812,193,100,844,306,550,284,118,201,129
26/01/2021,142,142,157,79,442,118,658,159,79,735,251,453,178,104,161,113
27/01/2021,170,170,151,68,395,128,491,110,61,607,194,385,184,98,134,80
28/01/2021,156,156,183,49,333,151,526,125,69,575,190,382,191,140,169,76
29/01/2021,125,125,157,37,289,92,400,107,49,550,188,295,174,102,117,67
30/01/2021,121,121,134,49,271,98,484,88,43,429,171,191,152,108,121,79
31/01/2021,130,130,112,22,219,61,349,36,52,155,104,149,112,49,77,56
01/02/2021,212,212,170,29,417,97,558,72,76,306,188,357,232,82,141,92
02/02/2021,135,135,195,56,375,108,545,134,55,607,157,285,177,79,150,80
03/02/2021,133,133,180,67,304,88,484,103,65,475,168,287,186,80,139,71
04/02/2021,117,117,127,109,337,83,450,64,41,395,180,261,144,72,124,70
05/02/2021,163,163,158,69,318,103,493,81,39,503,164,323,176,88,133,83
06/02/2021,135,135,112,31,233,63,404,80,39,362,80,231,131,85,95,58
07/02/2021,81,81,107,11,198,60,282,51,39,183,107,164,154,48,88,56
08/02/2021,128,128,167,57,343,114,699,85,43,442,204,323,190,71,146,79
09/02/2021,93,93,155,32,271,94,470,106,44,329,136,264,156,56,111,57
10/02/2021,260,260,149,53,321,90,489,89,52,500,169,321,207,54,149,66
11/02/2021,108,108,97,56,227,67,337,63,36,342,138,216,147,54,95,56
12/02/2021,123,123,125,58,240,74,380,65,40,384,134,222,155,65,130,61
13/02/2021,116,116,129,20,205,81,323,43,38,264,89,156,139,68,74,48
14/02/2021,118,118,95,17,213,55,233,41,23,162,73,127,123,40,87,59
15/02/2021,137,137,135,19,332,109,492,102,59,485,193,290,132,69,140,72
16/02/2021,134,134,97,13,246,103,375,61,38,397,117,196,128,100,102,47
17/02/2021,98,98,106,39,233,89,404,51,52,334,120,172,123,58,115,73
18/02/2021,80,80,90,34,244,106,375,81,47,328,133,160,144,97,88,65
19/02/2021,125,125,131,39,225,73,332,49,37,296,118,153,119,38,90,54
20/02/2021,146,146,137,17,345,88,399,51,72,291,123,217,183,70,104,69
21/02/2021,94,94,87,7,200,45,216,43,47,119,66,122,94,41,80,54
22/02/2021,147,147,114,47,289,100,423,64,54,442,138,229,188,72,136,66
23/02/2021,132,132,107,66,239,110,372,51,58,289,103,218,153,58,91,56
24/02/2021,109,109,107,52,197,72,312,51,52,260,103,163,101,54,96,50
25/02/2021,95,95,102,37,240,69,379,56,58,368,125,204,145,67,124,57
26/02/2021,119,119,108,33,241,81,375,56,44,323,94,201,138,103,111,52
27/02/2021,92,92,85,20,220,70,295,30,27,207,80,153,80,93,92,56
28/02/2021,137,137,75,13,251,69,308,50,51,196,85,179,101,54,86,74
01/03/2021,147,147,168,71,306,137,543,115,60,347,136,312,184,98,145,80
02/03/2021,95,95,113,41,215,108,425,49,34,291,100,221,139,75,103,83
03/03/2021,97,97,124,55,212,85,424,68,28,229,132,155,140,55,99,50
04/03/2021,67,67,84,34,178,82,421,52,23,253,75,150,118,60,86,37
05/03/2021,91,91,90,30,216,73,362,27,24,298,97,180,104,41,108,54
06/03/2021,71,71,71,24,155,66,290,32,22,183,59,173,85,62,54,43
07/03/2021,44,44,70,20,127,47,220,45,19,126,53,180,88,27,58,40
08/03/2021,94,94,91,31,206,60,328,65,29,220,83,208,138,60,88,72
09/03/2021,71,71,99,41,179,58,293,47,33,258,82,164,86,89,63,48
10/03/2021,62,62,97,34,203,81,423,34,25,278,65,181,109,69,103,50
11/03/2021,65,65,87,31,154,50,283,54,21,258,67,122,83,34,59,27
12/03/2021,60,60,50,14,148,42,304,60,14,273,72,127,94,58,79,36
13/03/2021,39,39,68,14,141,62,184,31,26,166,57,119,70,50,48,42
14/03/2021,36,36,43,4,135,42,173,31,19,103,40,101,53,43,44,30
15/03/2021,81,81,58,16,168,43,313,25,32,180,73,156,78,43,51,51
16/03/2021,63,63,65,32,165,58,323,64,23,335,73,191,98,69,63,36
17/03/2021,59,59,82,20,162,58,330,41,24,221,49,223,80,66,56,55
18/03/2021,47,47,75,26,129,56,329,22,21,227,65,171,86,58,57,43
19/03/2021,82,82,65,24,143,71,279,38,25,210,52,136,79,44,52,29
20/03/2021,90,90,92,20,183,54,405,49,27,214,66,164,75,82,76,36
21/03/2021,41,41,45,11,103,30,190,15,24,127,31,97,63,30,36,35
22/03/2021,80,80,100,16,168,51,394,38,32,291,50,137,76,66,76,46
23/03/2021,67,67,83,23,132,48,295,43,21,259,49,138,70,52,67,52
24/03/2021,53,53,56,16,119,32,248,31,17,235,30,113,62,37,65,41
25/03/2021,68,68,50,19,122,53,263,26,16,271,53,103,59,41,58,32
26/03/2021,71,71,75,12,105,38,156,22,11,218,54,104,64,29,53,30
27/03/2021,41,41,61,8,92,41,239,39,6,161,43,121,53,39,52,17
28/03/2021,48,48,51,8,105,38,165,28,7,83,43,98,33,21,38,17
29/03/2021,50,50,54,19,133,34,187,43,13,203,48,123,72,34,58,25
30/03/2021,55,55,52,21,132,43,213,29,31,224,24,124,60,31,58,20
31/03/2021,41,41,64,17,98,28,178,34,4,166,41,103,45,20,54,18
01/04/2021,51,51,56,5,112,27,165,21,17,137,47,142,41,38,40,23
02/04/2021,29,29,53,9,90,32,110,15,22,80,44,76,31,26,27,25
03/04/2021,26,26,52,8,111,18,149,20,15,101,45,79,24,34,57,21
04/04/2021,38,38,42,3,132,31,210,26,14,100,46,113,47,48,45,18
05/04/2021,76,76,85,15,173,37,225,53,23,248,86,127,47,42,75,31
06/04/2021,51,51,74,20,155,34,208,36,7,206,40,106,44,32,57,29
07/04/2021,45,45,47,10,138,45,211,18,15,171,45,94,32,42,51,28
08/04/2021,42,42,61,14,126,43,182,33,14,169,39,112,42,36,53,19
09/04/2021,54,54,51,22,119,32,224,22,12,200,58,115,40,48,63,21
10/04/2021,36,36,62,13,121,33,269,41,15,154,41,103,50,40,57,29
11/04/2021,22,22,40,9,74,17,141,19,9,103,30,68,26,28,30,17
12/04/2021,43,43,62,6,149,36,171,24,14,237,61,111,60,44,47,31
13/04/2021,31,31,42,7,108,29,132,34,11,265,43,87,34,39,37,26
14/04/2021,53,53,47,11,103,33,161,20,9,183,41,106,49,39,49,23
15/04/2021,40,40,58,11,91,16,225,26,6,209,49,128,37,38,33,23
16/04/2021,33,33,29,11,76,36,146,22,8,183,23,124,31,41,47,19
17/04/2021,19,19,36,12,66,25,161,22,12,117,34,72,28,31,35,19
18/04/2021,20,20,28,4,64,24,149,12,17,72,33,43,25,30,30,20
19/04/2021,60,60,51,16,103,37,147,37,15,235,49,129,58,54,48,31
20/04/2021,26,26,34,11,104,42,203,26,13,239,31,92,48,33,28,27
21/04/2021,37,37,36,8,55,33,153,19,9,218,30,56,37,34,28,19
22/04/2021,36,36,25,5,75,28,127,26,14,168,36,72,22,22,22,24
23/04/2021,41,41,34,6,76,20,99,26,11,191,39,80,48,27,34,18
24/04/2021,23,23,28,10,68,20,127,18,7,124,16,76,21,20,30,23
25/04/2021,29,29,26,14,60,19,136,18,12,79,25,78,31,19,24,4
26/04/2021,28,28,33,8,78,19,183,25,8,131,30,98,32,32,36,18
27/04/2021,38,38,30,11,74,33,165,20,8,165,32,74,60,36,38,20
28/04/2021,27,27,28,8,72,11,149,12,12,146,34,91,67,24,23,9
29/04/2021,28,28,24,7,43,8,113,17,6,113,22,61,37,27,26,21
30/04/2021,40,40,23,19,51,23,108,10,14,137,25,61,12,21,22,21
01/05/2021,21,21,17,6,48,15,61,15,11,85,15,49,14,18,28,15
02/05/2021,26,26,17,1,43,15,48,13,12,64,8,42,25,13,24,10
03/05/2021,33,33,32,6,74,23,81,25,8,158,22,62,35,35,27,17
04/05/2021,18,18,34,5,52,15,51,32,6,123,28,71,21,15,30,16
05/05/2021,30,30,27,16,52,15,65,12,12,182,12,66,23,30,21,20
06/05/2021,17,17,24,3,50,10,57,14,9,134,21,80,17,19,20,14
07/05/2021,28,28,28,5,46,9,84,30,3,110,5,43,20,26,14,9
08/05/2021,11,11,16,1,39,22,81,12,5,93,13,38,14,8,14,16
09/05/2021,9,9,15,2,21,10,45,9,4,47,12,37,9,6,11,4
10/05/2021,26,26,20,9,68,23,63,22,9,79,15,74,23,18,22,8
11/05/2021,17,17,31,8,57,9,101,22,8,133,10,83,23,27,24,15
12/05/2021,18,18,15,5,43,19,68,15,6,140,12,49,18,7,31,15
13/05/2021,27,27,23,11,46,22,71,7,6,98,11,70,16,10,22,11
14/05/2021,21,21,24,8,57,16,92,16,5,109,18,60,20,26,20,8
15/05/2021,17,17,18,6,40,16,64,9,8,111,11,41,30,15,11,16
16/05/2021,18,18,20,6,24,10,43,12,5,41,7,36,19,7,15,14
17/05/2021,24,24,20,11,46,24,83,18,5,139,21,47,15,19,22,13
18/05/2021,32,32,25,6,43,21,125,27,11,186,23,49,18,30,24,9
19/05/2021,39,39,19,11,38,12,48,13,4,148,16,30,15,17,25,15
20/05/2021,25,25,12,8,27,21,86,21,5,180,16,76,15,19,10,21
21/05/2021,24,24,21,10,34,14,64,19,5,139,12,59,12,24,22,19
22/05/2021,15,15,19,4,30,7,25,9,3,97,12,48,15,13,15,14
23/05/2021,6,6,15,6,23,11,35,7,9,71,10,48,23,5,13,7
24/05/2021,21,21,40,11,48,15,85,17,12,246,31,65,26,13,34,21
25/05/2021,29,29,34,12,46,17,103,12,2,190,23,53,22,11,39,21
26/05/2021,20,20,27,15,29,11,115,13,4,196,17,51,19,19,19,12
27/05/2021,20,20,26,8,38,16,27,18,2,161,14,44,13,22,21,15
28/05/2021,22,22,42,6,37,14,34,11,4,210,18,69,12,18,20,15
29/05/2021,12,12,29,8,30,9,30,13,5,96,12,62,16,8,22,10
30/05/2021,10,10,28,2,28,20,50,4,2,61,13,57,9,13,17,12
31/05/2021,35,35,24,8,42,22,41,17,2,202,14,84,22,27,31,26
01/06/2021,34,34,37,18,66,28,77,35,4,235,24,72,14,37,46,19
02/06/2021,29,29,31,10,69,26,53,11,2,175,20,48,27,46,27,25
03/06/2021,42,42,25,10,60,20,52,12,4,137,28,24,16,30,29,18
04/06/2021,22,22,30,17,48,16,55,22,11,181,10,59,22,24,38,18
05/06/2021,27,27,26,3,71,25,58,13,6,136,16,60,25,29,25,22
06/06/2021,18,18,24,10,42,15,49,25,7,124,29,59,21,28,32,17
07/06/2021,99,99,32,15,53,22,90,18,8,218,31,65,33,45,54,41
08/06/2021,32,32,31,15,82,29,63,25,5,223,34,72,38,48,52,18
09/06/2021,34,34,34,3,64,33,77,21,8,207,38,78,31,37,37,21
10/06/2021,45,45,31,16,78,28,86,24,4,200,34,91,37,40,35,33
11/06/2021,42,42,24,14,67,35,91,23,4,190,31,95,24,36,47,32
12/06/2021,16,16,22,6,55,24,54,17,3,122,35,45,28,23,32,19
13/06/2021,29,29,28,7,52,30,66,20,6,119,14,69,16,31,36,26
14/06/2021,52,52,54,13,94,41,113,25,6,214,37,67,35,50,70,34
15/06/2021,51,51,69,21,96,40,94,34,6,233,32,108,24,49,67,38
16/06/2021,48,48,46,21,112,46,103,27,7,271,58,84,19,33,63,35
17/06/2021,67,67,34,20,74,17,94,20,7,221,46,77,45,53,47,39
18/06/2021,80,80,38,15,100,37,166,31,12,271,51,110,52,49,55,52
19/06/2021,52,52,48,8,104,48,138,24,13,224,37,60,54,53,65,38
20/06/2021,54,54,52,11,110,53,173,31,15,167,58,126,52,65,78,38
21/06/2021,67,67,51,39,158,42,200,44,23,308,78,118,53,63,89,59
22/06/2021,60,60,77,28,138,69,210,44,16,295,70,127,57,78,84,56
23/06/2021,63,63,61,32,156,63,160,57,23,260,78,137,49,82,82,50
24/06/2021,59,59,50,29,153,48,194,57,16,277,62,138,49,54,98,47
25/06/2021,72,72,65,35,185,68,195,35,18,311,75,171,68,62,105,59
26/06/2021,73,73,70,24,157,34,214,59,18,334,66,173,40,67,74,49
27/06/2021,58,58,54,16,154,39,163,39,26,181,65,135,58,48,78,52
28/06/2021,105,105,87,29,214,55,210,69,25,442,107,214,82,88,126,89
29/06/2021,119,119,78,12,208,81,216,41,37,392,90,214,79,83,113,76
30/06/2021,97,97,84,13,255,57,219,97,40,411,92,245,67,103,95,83
01/07/2021,122,122,107,32,275,77,233,108,61,543,121,291,101,110,144,88
02/07/2021,96,96,91,26,256,168,236,77,42,497,121,237,93,92,118,79
03/07/2021,82,82,109,17,219,135,283,52,61,408,105,210,85,120,118,70
04/07/2021,116,116,78,22,228,187,244,30,66,257,111,258,118,75,106,71
05/07/2021,165,165,142,19,400,184,434,74,99,689,178,531,131,135,208,93
06/07/2021,147,147,204,44,378,172,373,71,79,665,152,359,151,120,163,116
07/07/2021,187,187,173,86,451,131,469,84,72,552,189,354,160,103,190,114
08/07/2021,161,161,155,47,381,121,354,62,79,533,177,430,160,116,197,101
09/07/2021,202,202,173,21,369,121,339,59,58,611,177,403,120,114,142,90
10/07/2021,153,153,172,26,448,224,730,62,110,562,196,549,187,88,170,107
11/07/2021,99,99,109,41,355,119,466,55,81,330,199,333,140,70,110,82
12/07/2021,233,233,228,45,521,344,618,83,113,665,246,390,212,107,191,152
13/07/2021,195,195,178,32,516,155,734,92,86,761,228,385,245,116,225,131
14/07/2021,150,150,195,56,458,156,607,88,88,774,187,361,179,86,168,121
15/07/2021,161,161,172,33,467,166,607,73,92,858,219,379,222,101,169,125
16/07/2021,167,167,185,54,440,161,568,83,90,714,211,276,185,133,174,121
17/07/2021,172,172,176,55,435,194,601,81,75,617,168,263,174,137,186,107
18/07/2021,141,141,122,29,439,203,553,54,101,368,195,226,163,119,142,109
19/07/2021,218,218,233,96,687,245,856,139,147,1011,272,393,337,158,240,157
20/07/2021,214,214,207,85,884,235,877,124,177,937,238,371,321,176,290,186
21/07/2021,157,157,204,59,491,214,617,119,105,850,211,371,319,148,212,147
22/07/2021,148,148,159,100,505,156,783,58,87,757,201,329,174,87,174,145
23/07/2021,250,250,151,67,431,180,750,96,89,743,204,350,170,121,210,139
24/07/2021,202,202,135,67,558,152,718,80,136,701,175,304,247,138,183,118
25/07/2021,224,224,144,35,458,238,715,79,141,487,216,365,182,105,172,130
26/07/2021,280,280,230,105,617,245,932,114,155,1028,275,438,333,199,327,174
27/07/2021,223,223,190,104,609,242,939,105,164,844,261,428,260,128,252,161
28/07/2021,243,243,230,64,557,186,854,103,123,816,241,397,202,125,203,121
29/07/2021,237,237,169,101,440,156,636,79,110,783,276,310,221,143,222,114
30/07/2021,184,184,165,143,455,183,646,70,99,858,228,307,201,141,227,110
31/07/2021,152,152,171,68,480,101,517,71,94,664,191,300,159,138,174,90
01/08/2021,223,223,216,28,597,266,697,73,144,513,242,458,254,171,179,96
02/08/2021,240,240,294,85,530,146,708,91,142,782,276,500,288,161,191,130
03/08/2021,206,206,258,91,551,143,627,85,105,704,223,457,228,139,248,104
04/08/2021,178,178,205,52,501,171,596,112,95,730,197,354,220,154,217,88
05/08/2021,227,227,214,57,529,136,580,89,104,983,225,391,206,135,210,91
06/08/2021,176,176,237,69,472,153,483,62,99,700,309,373,243,104,219,106
07/08/2021,156,156,168,50,471,222,529,116,87,671,183,362,238,112,169,92
08/08/2021,153,153,128,39,362,196,597,72,110,448,196,426,228,116,162,96
09/08/2021,252,252,227,81,491,171,696,78,112,816,244,432,269,146,224,122
10/08/2021,195,195,215,107,497,186,809,108,112,804,259,481,277,127,242,128
11/08/2021,149,149,163,90,468,108,577,95,84,639,189,374,210,107,207,73
12/08/2021,165,165,184,92,339,103,559,72,90,564,213,342,194,124,167,99
13/08/2021,150,150,151,74,341,151,536,50,105,568,163,333,191,102,177,69
14/08/2021,132,132,152,86,375,111,411,60,87,556,138,264,169,95,128,71
15/08/2021,148,148,154,34,283,117,548,43,93,352,209,310,192,95,105,90
16/08/2021,155,155,201,90,372,142,569,60,126,642,190,421,228,121,216,71
17/08/2021,153,153,165,64,346,98,555,98,107,635,133,363,227,109,193,111
18/08/2021,140,140,155,86,300,151,490,71,98,449,158,332,193,96,155,83
19/08/2021,143,143,112,65,320,107,411,53,69,454,131,334,165,74,182,42
20/08/2021,177,177,145,64,340,134,528,73,83,562,170,424,190,86,156,74
21/08/2021,87,87,66,24,244,104,354,40,67,325,130,184,163,78,111,48
22/08/2021,122,122,74,21,192,73,349,36,81,205,110,245,129,51,96,35
23/08/2021,145,145,109,45,388,113,444,51,79,555,136,415,215,71,139,67
24/08/2021,106,106,135,43,245,73,407,53,69,510,122,251,151,78,125,83
25/08/2021,133,133,107,52,251,87,378,68,56,438,149,338,193,65,118,65
26/08/2021,94,94,93,22,282,101,357,39,53,474,100,176,142,71,134,66
27/08/2021,96,96,87,44,489,81,312,28,44,475,111,249,154,50,130,83
28/08/2021,76,76,68,43,252,108,411,39,56,428,120,231,123,67,89,49
29/08/2021,89,89,61,14,200,60,331,24,43,145,108,191,95,46,83,41
30/08/2021,116,116,118,42,260,85,427,56,66,395,145,278,148,66,130,48
31/08/2021,96,96,93,62,228,65,293,33,57,279,100,233,91,55,103,39
01/09/2021,122,122,118,82,218,81,436,54,66,431,147,334,129,70,116,60
02/09/2021,92,92,121,21,211,55,289,30,47,398,113,219,113,55,118,59
03/09/2021,93,93,90,28,202,59,323,37,42,353,119,262,95,50,125,30
04/09/2021,48,48,83,27,144,55,229,26,31,220,107,198,98,47,89,47
05/09/2021,64,64,53,23,150,45,284,36,43,178,71,224,98,53,57,41
06/09/2021,113,113,106,30,174,61,325,42,50,314,91,285,109,66,89,46
07/09/2021,83,83,86,41,172,45,262,35,37,294,89,236,122,52,77,46
08/09/2021,68,68,80,25,169,59,251,44,25,292,52,212,90,55,93,41
09/09/2021,77,77,77,35,126,47,290,24,42,306,68,188,77,44,69,33
10/09/2021,100,100,88,44,182,88,290,45,35,333,102,209,102,41,73,40
11/09/2021,50,50,66,43,144,63,249,23,17,242,100,116,74,41,86,33
12/09/2021,54,54,44,23,118,38,200,23,25,100,53,114,69,28,59,26
13/09/2021,73,73,63,41,131,43,238,35,41,285,47,217,78,30,78,32
14/09/2021,74,74,78,34,127,53,235,42,17,361,72,173,60,45,61,25
15/09/2021,64,64,65,20,113,60,329,21,33,255,72,169,60,33,56,47
16/09/2021,48,48,23,14,77,44,142,13,23,116,71,84,45,23,54,23
17/09/2021,72,72,58,22,177,54,245,24,39,313,89,222,80,40,67,44
18/09/2021,60,60,59,15,98,45,166,26,28,203,81,162,83,32,76,32
19/09/2021,58,58,55,14,116,54,265,23,33,139,67,109,60,25,59,24
20/09/2021,87,87,122,32,172,67,390,27,47,322,88,251,108,37,122,38
21/09/2021,67,67,80,26,130,51,264,19,23,250,80,153,73,49,60,33
22/09/2021,66,66,68,44,136,54,191,18,35,219,95,192,47,49,95,36
23/09/2021,63,63,70,21,97,34,144,25,10,222,62,165,63,44,70,29
24/09/2021,57,57,94,17,142,17,176,28,22,304,41,195,65,37,71,36
25/09/2021,42,42,61,25,79,25,168,28,26,223,65,147,48,34,73,24
26/09/2021,32,32,47,14,92,27,147,29,20,93,37,118,40,37,48,24
27/09/2021,51,51,48,47,121,25,181,26,25,182,80,172,68,38,74,22
28/09/2021,53,53,48,28,96,21,162,28,19,159,53,119,50,15,57,19
29/09/2021,30,30,41,22,69,40,150,14,16,135,51,104,49,29,52,12
30/09/2021,44,44,33,13,66,25,109,14,16,90,28,94,24,25,46,16
01/10/2021,61,61,46,13,214,48,143,12,20,128,72,130,47,26,53,21
02/10/2021,22,22,27,8,61,21,111,12,16,70,41,108,28,25,36,12
03/10/2021,24,24,28,5,55,28,119,20,12,68,44,91,38,17,34,8
04/10/2021,45,45,37,20,75,18,163,15,16,185,53,158,46,23,40,17
05/10/2021,31,31,56,12,50,35,141,17,23,139,34,127,49,32,39,14
06/10/2021,33,33,59,6,59,22,121,12,15,106,38,71,13,50,36,10
07/10/2021,23,23,33,10,72,25,115,9,14,81,33,83,22,26,34,13
08/10/2021,43,43,40,17,54,33,130,13,11,97,41,76,21,14,42,13
09/10/2021,19,19,28,8,52,28,92,7,11,63,25,50,23,23,39,14
10/10/2021,15,15,37,7,70,21,155,11,23,65,37,78,26,18,39,12
11/10/2021,34,34,30,8,75,19,118,12,7,164,36,64,26,20,44,14
12/10/2021,35,35,31,14,52,34,102,11,23,113,15,77,30,20,63,17
13/10/2021,31,31,32,3,45,11,100,14,15,99,31,44,24,18,39,10
14/10/2021,29,29,26,10,44,21,79,6,11,118,27,27,13,13,40,9
15/10/2021,38,38,32,10,77,32,137,8,12,183,50,53,15,13,29,9
16/10/2021,14,14,23,7,31,21,69,7,14,76,36,39,16,14,13,5
17/10/2021,10,10,24,4,61,12,72,7,12,43,33,56,11,5,18,8
18/10/2021,40,40,35,65,52,15,78,16,13,115,54,76,22,17,28,9
19/10/2021,39,39,29,9,41,26,69,6,16,120,46,74,24,18,15,8
20/10/2021,21,21,38,11,75,14,77,15,8,85,50,99,18,12,32,14
21/10/2021,36,36,11,19,47,8,57,3,8,73,28,49,16,20,19,3
22/10/2021,34,34,20,5,26,12,70,8,12,133,31,86,4,20,26,15
23/10/2021,10,10,13,3,42,8,53,4,10,94,25,51,10,13,12,9
24/10/2021,8,8,11,2,29,9,42,2,12,32,25,63,11,9,12,7
25/10/2021,28,28,15,13,141,17,66,15,15,84,22,75,13,17,23,14
26/10/2021,23,23,29,8,78,9,65,11,13,81,26,55,13,14,32,7
27/10/2021,18,18,21,3,34,14,46,7,7,98,20,44,12,13,17,13
28/10/2021,17,17,13,22,39,11,37,13,4,83,20,45,9,7,24,11
29/10/2021,26,26,15,3,141,18,58,7,6,88,16,46,6,7,21,5
30/10/2021,4,4,8,3,23,11,32,3,7,40,9,59,8,12,12,5
31/10/2021,4,4,13,3,14,15,24,7,5,25,22,78,12,8,6,8
01/11/2021,26,26,19,8,61,21,100,15,13,61,21,95,22,10,24,6
02/11/2021,13,13,23,1,25,22,62,7,4,42,18,61,14,15,14,8
03/11/2021,28,28,14,10,107,32,53,12,6,93,24,96,29,11,22,8
04/11/2021,18,18,17,8,38,16,46,12,7,68,26,76,21,5,12,12
05/11/2021,24,24,20,7,27,13,54,12,8,76,21,88,11,16,23,8
06/11/2021,12,12,18,4,111,8,46,11,5,50,21,60,8,10,13,7
07/11/2021,8,8,15,0,28,10,38,12,8,24,16,59,12,3,8,9
08/11/2021,18,18,22,5,78,8,63,11,9,94,22,99,20,12,19,5
09/11/2021,22,22,14,4,57,9,44,9,15,67,14,93,30,16,11,10
10/11/2021,31,31,15,29,44,20,59,13,8,52,16,87,32,15,26,11
11/11/2021,24,24,17,16,83,9,38,9,2,55,13,78,20,8,14,11
12/11/2021,12,12,15,44,35,8,52,16,2,50,13,50,12,7,10,1
13/11/2021,16,16,10,4,16,10,45,4,3,42,14,74,8,8,11,3
14/11/2021,17,17,16,4,14,11,40,8,7,30,19,44,5,7,9,7
15/11/2021,20,20,23,5,35,10,53,6,7,48,26,61,17,11,13,9
16/11/2021,29,29,22,16,38,4,55,6,3,53,14,69,13,12,16,6
17/11/2021,34,34,18,29,126,10,51,5,5,28,18,57,21,9,12,9
18/11/2021,28,28,21,5,89,9,50,7,6,35,11,61,15,13,12,8
19/11/2021,26,26,21,4,184,4,45,7,4,31,11,47,9,11,26,6
20/11/2021,25,25,14,3,96,8,47,7,7,46,16,63,10,13,13,8
21/11/2021,14,14,23,1,38,6,42,7,9,22,9,44,20,7,16,7
22/11/2021,25,25,13,3,49,3,47,9,9,72,7,63,11,12,19,6
23/11/2021,30,30,11,8,54,7,40,5,8,84,23,47,14,20,17,3
24/11/2021,27,27,10,4,34,6,39,7,5,71,20,47,9,10,13,10
25/11/2021,29,29,10,1,131,9,35,15,8,46,13,56,9,13,14,10
26/11/2021,23,23,11,0,44,10,54,8,4,78,22,39,6,13,10,6
27/11/2021,7,7,7,1,35,5,22,8,4,54,12,46,2,15,8,8
28/11/2021,17,17,13,1,48,7,78,4,4,31,18,44,11,19,14,3
29/11/2021,24,24,14,1,53,13,46,4,9,73,19,51,6,26,15,3
30/11/2021,21,21,14,1,46,3,55,5,5,73,12,74,8,15,15,8
01/12/2021,15,15,14,4,46,11,37,5,4,101,20,53,12,17,21,10
02/12/2021,13,13,9,5,147,7,38,6,1,43,10,32,4,5,16,13
03/12/2021,21,21,10,2,27,3,48,4,5,51,12,59,9,9,16,10
04/12/2021,8,8,6,2,20,7,40,12,2,17,6,49,5,9,14,6
05/12/2021,21,21,7,3,28,4,46,4,7,34,11,73,6,6,9,5
06/12/2021,21,21,11,2,71,11,47,8,3,75,6,40,6,9,14,11
07/12/2021,23,23,7,1,26,4,62,9,1,48,11,37,11,7,12,8
08/12/2021,18,18,5,3,31,9,43,9,2,45,7,29,3,11,22,10
09/12/2021,19,19,16,3,28,4,36,4,1,36,7,17,4,15,22,7
10/12/2021,29,29,15,3,156,9,60,2,4,58,8,42,14,14,24,11
11/12/2021,10,10,11,2,28,6,27,2,1,26,6,34,4,10,12,2
12/12/2021,7,7,16,4,28,11,35,4,0,52,7,55,2,9,24,11
13/12/2021,33,33,17,3,66,9,48,7,3,58,12,44,8,13,38,12
14/12/2021,18,18,17,7,48,6,47,7,2,57,6,56,4,17,25,15
15/12/2021,24,24,9,4,45,8,39,9,1,85,15,65,4,19,33,16
16/12/2021,24,24,23,5,37,11,36,13,2,137,8,28,10,20,46,19
17/12/2021,37,37,22,5,72,11,64,16,0,64,10,45,12,24,50,22
18/12/2021,22,22,22,3,53,29,46,10,3,92,18,56,7,26,42,24
19/12/2021,38,38,23,3,48,26,39,9,1,96,18,76,10,31,64,22
20/12/2021,52,52,56,12,115,40,113,32,3,186,26,110,32,57,107,34
21/12/2021,57,57,53,8,125,39,102,21,7,133,33,104,21,55,86,53
22/12/2021,45,45,55,22,130,35,75,18,7,162,15,75,16,90,105,45
23/12/2021,58,58,75,24,166,36,90,31,13,181,20,126,30,101,133,47
24/12/2021,88,88,93,15,162,72,114,37,14,212,51,172,45,95,109,56
25/12/2021,69,69,94,7,217,97,155,36,15,151,51,171,69,113,116,89
26/12/2021,136,136,105,12,325,127,213,52,32,259,72,197,73,139,181,99
27/12/2021,181,181,153,29,532,148,308,87,36,440,86,290,121,210,225,174
28/12/2021,198,198,203,40,485,144,377,83,33,407,94,277,124,201,262,122
29/12/2021,159,159,153,102,420,113,267,101,32,424,95,302,109,183,224,129
30/12/2021,183,183,198,61,379,135,300,72,28,441,122,275,130,187,241,143
