YEAR,DATE,AGUASCALIENTES,BAJA_CALIFORNIA,BAJA_CALIFORNIA_SUR,CAMPECHE,CHIAPAS,CHIHUAHUA,COAHUILA,COLIMA,DISTRITO_FEDERAL,DURANGO,GUANAJUATO,GUERRERO,HIDALGO,JALISCO,MEXICO,MICHOACAN,MORELOS,NAYARIT,NUEVO_LEON,OAXACA,PUEBLA,QUERETARO,QUINTANA_ROO,SAN_LUIS_POTOSI,SINALOA,SONORA,TABASCO,TAMAULIPAS,TLAXCALA,VERACRUZ,YUCATAN,ZACATECAS
2013,5/1/2013,0,0,0,0,0,0,0,0,0,0,0,0,0,0,0,0,0,0,0,0,0,0,0,0,0,0,0,0,0,0,1,0
2013,12/1/2013,0,0,0,0,1,0,0,4,0,0,0,3,0,2,0,4,1,0,0,1,0,0,1,5,0,0,0,1,0,1,14,0
2013,19/01/2013,0,0,0,1,15,0,0,13,0,0,0,38,0,8,0,22,1,0,0,1,0,0,3,5,3,1,8,9,0,23,15,0
2013,26/01/2013,0,0,0,4,1,0,0,32,0,0,0,51,0,7,4,41,0,0,13,15,0,0,31,8,11,1,16,3,0,20,13,0
2013,2/2/2013,0,0,18,0,12,0,0,20,0,0,0,35,0,14,0,28,0,0,41,3,0,0,15,7,0,4,16,5,0,4,8,0
2013,9/2/2013,0,0,1,0,1,0,0,11,0,0,0,44,1,5,0,37,3,0,24,17,18,0,7,11,0,1,13,6,0,21,13,0
2013,16/02/2013,0,0,7,0,8,0,0,22,0,0,0,39,0,5,1,27,0,0,12,11,19,0,19,13,21,1,21,2,0,28,6,0
2013,23/02/2013,0,0,0,0,12,0,1,11,0,0,0,33,1,8,0,37,0,0,16,10,10,0,20,8,5,5,17,9,0,19,17,0
2013,2/3/2013,0,0,7,13,20,0,0,26,0,0,0,51,1,12,0,57,4,0,39,33,16,0,23,21,1,1,52,14,0,34,23,0
2013,9/3/2013,0,0,0,0,0,0,0,0,0,0,0,0,0,0,0,0,0,0,0,0,0,0,0,0,0,0,0,0,0,0,0,0
2013,16/03/2013,0,0,1,0,15,0,0,26,0,0,0,25,0,14,3,30,0,0,20,9,9,0,38,5,8,0,36,5,0,22,10,0
2013,23/03/2013,0,0,1,6,7,0,0,8,0,0,0,38,1,12,1,12,0,0,17,10,4,0,21,7,0,2,31,5,0,17,14,0
2013,30/03/2013,0,0,3,0,6,0,1,6,0,0,0,10,1,5,0,29,0,0,7,1,14,0,13,5,6,0,13,6,0,5,4,0
2013,6/4/2013,0,0,3,6,9,0,0,7,0,0,0,22,0,5,0,22,0,0,29,14,14,0,14,12,2,3,57,2,0,17,9,0
2013,13/04/2013,0,0,2,10,7,0,0,9,0,0,0,8,1,8,0,11,0,0,15,6,8,0,10,9,3,0,96,12,0,17,5,0
2013,20/04/2013,0,0,1,0,7,0,0,14,0,0,0,10,0,5,0,5,1,1,53,6,4,0,11,4,0,0,75,2,0,19,6,0
2013,27/04/2013,0,0,1,0,6,0,0,14,0,1,0,8,0,10,0,9,0,11,50,18,8,0,18,12,3,3,65,3,0,15,3,0
2013,4/5/2013,0,0,1,4,29,0,0,16,0,0,0,23,3,11,0,7,0,7,12,5,15,0,12,11,0,0,58,5,0,19,7,0
2013,11/5/2013,0,0,0,7,9,0,0,16,0,0,0,17,0,14,0,12,1,13,22,8,5,0,11,7,2,0,73,10,0,11,11,0
2013,18/05/2013,0,0,0,0,19,0,1,14,0,0,0,18,4,11,0,7,1,21,43,8,13,0,17,7,3,1,145,2,0,36,9,0
2013,25/05/2013,0,0,1,10,16,0,0,16,0,0,0,13,0,9,0,16,3,28,29,4,6,0,16,11,11,2,166,10,0,37,14,0
2013,1/6/2013,0,0,0,0,26,0,0,16,0,0,0,29,4,11,0,19,5,20,35,16,20,0,21,2,6,0,183,11,0,25,18,0
2013,8/6/2013,0,0,0,19,23,0,0,24,0,0,0,16,3,17,0,15,24,1,31,6,0,0,23,7,0,0,117,35,0,33,8,0
2013,15/06/2013,0,0,0,5,33,0,2,16,0,0,0,21,0,13,0,19,37,0,46,13,21,0,16,6,7,0,99,58,0,40,18,0
2013,22/06/2013,0,0,0,13,80,0,0,25,0,0,0,16,10,31,0,19,59,7,35,25,48,0,9,4,1,0,220,132,0,51,17,0
2013,29/06/2013,0,0,1,4,32,0,2,32,0,0,0,34,21,36,0,33,53,0,44,2,24,0,44,10,0,0,85,148,0,45,27,0
2013,6/7/2013,0,0,1,33,23,0,0,24,0,0,0,30,7,69,0,5,78,0,37,63,29,0,28,11,10,0,107,242,0,69,34,0
2013,13/07/2013,0,0,1,0,24,0,0,16,0,0,0,24,11,28,0,21,58,3,47,14,94,0,26,20,18,0,297,267,0,78,14,0
2013,20/07/2013,0,0,4,8,36,0,0,15,0,0,0,32,17,33,0,19,99,6,43,22,55,0,41,18,0,0,75,478,0,86,41,0
2013,27/07/2013,0,0,2,15,50,0,0,28,0,0,0,23,41,26,0,17,77,3,88,40,88,1,41,21,3,0,142,282,0,134,32,0
2013,3/8/2013,1,0,0,13,35,0,0,17,0,0,0,41,44,27,0,24,39,0,41,55,74,0,17,35,14,0,388,286,0,45,41,0
2013,10/8/2013,1,0,7,19,36,0,1,43,0,0,0,33,45,53,1,26,120,4,91,22,30,0,51,16,5,1,59,203,0,198,33,0
2013,17/08/2013,0,0,1,18,27,0,0,46,0,0,0,60,97,34,0,47,91,10,71,56,129,0,35,20,26,5,174,155,0,158,56,0
2013,24/08/2013,0,0,6,16,93,0,4,119,0,0,0,15,98,62,0,24,130,19,57,112,65,0,69,41,19,0,50,181,0,112,61,0
2013,31/08/2013,0,0,12,35,37,0,1,85,0,0,0,68,85,64,0,11,124,13,57,68,20,0,91,30,5,2,183,149,0,142,70,0
2013,7/9/2013,0,0,23,28,67,0,0,84,0,0,0,40,31,89,1,39,91,21,65,82,1,2,95,38,23,0,213,107,0,143,65,0
2013,14/09/2013,0,0,15,27,82,0,6,83,0,0,34,61,37,97,1,11,116,29,169,49,18,0,86,49,23,0,229,132,0,554,69,0
2013,21/09/2013,0,0,57,22,36,0,5,80,0,0,2,22,19,73,0,31,48,7,232,76,21,0,78,31,4,0,203,38,0,322,49,0
2013,28/09/2013,0,0,67,0,55,0,21,41,0,0,0,28,29,75,0,30,139,71,214,18,15,0,65,58,47,3,145,113,0,262,47,0
2013,5/10/2013,0,0,45,0,60,0,3,55,0,0,7,114,5,83,1,25,19,62,257,36,9,0,16,77,72,12,133,129,0,447,96,0
2013,12/10/2013,0,0,236,22,70,0,41,93,0,0,4,178,40,138,0,58,46,29,257,67,20,1,71,66,107,26,88,179,0,162,77,0
2013,19/10/2013,0,0,281,61,55,0,104,100,0,0,0,75,30,115,0,50,175,49,199,46,10,3,47,47,69,13,163,98,0,116,107,1
2013,26/10/2013,0,0,176,0,60,0,94,71,0,0,3,80,46,171,0,9,43,33,214,80,7,0,38,72,71,11,71,89,0,180,78,0
2013,2/11/2013,0,0,146,23,79,0,120,59,0,0,0,90,12,187,0,28,32,24,273,26,51,1,33,39,77,86,62,83,0,264,51,0
2013,9/11/2013,0,0,375,21,38,0,135,106,0,0,1,70,14,146,0,11,68,21,419,62,32,4,24,52,30,3,54,81,0,239,98,0
2013,16/11/2013,0,0,188,2,54,0,99,89,0,0,0,49,22,84,0,53,2,28,225,83,13,0,74,27,44,8,26,64,0,224,79,0
2013,23/11/2013,0,0,255,47,44,0,115,48,0,0,0,35,6,107,0,16,4,47,304,37,14,0,44,15,11,2,9,34,0,78,51,0
2013,30/11/2013,0,0,236,30,19,0,89,55,0,0,0,44,3,105,0,21,1,23,319,76,8,1,51,15,90,157,26,26,0,146,64,1
2013,7/12/2013,0,0,461,10,19,0,20,66,0,0,0,25,1,145,0,0,8,8,219,26,14,0,28,12,0,10,12,27,0,132,96,0
2013,14/12/2013,0,0,270,18,28,0,2,57,0,0,0,42,1,68,0,27,2,0,107,45,0,0,22,7,71,5,17,8,0,84,64,0
2013,21/12/2013,0,0,166,9,13,0,0,27,0,0,13,24,0,60,0,115,1,0,22,20,8,0,19,8,0,0,1,4,0,0,42,0
2013,28/12/2013,0,0,217,0,9,0,0,7,0,0,0,6,0,10,0,0,0,5,15,0,0,0,8,6,14,3,0,2,0,7,39,0
2014,4/1/2014,0,0,0,0,0,0,0,0,0,0,0,1,0,0,0,0,0,0,0,0,0,0,0,0,0,0,0,0,0,0,1,0
2014,11/1/2014,0,0,0,0,0,0,0,2,0,0,0,4,0,1,0,2,1,0,0,0,0,0,2,4,0,0,1,0,0,1,5,0
2014,18/01/2014,0,0,0,5,11,0,0,5,0,0,0,3,0,11,0,4,1,0,16,4,1,0,3,2,0,0,4,0,0,8,10,0
2014,25/01/2014,0,0,0,0,6,0,0,11,0,0,0,8,0,16,0,9,3,3,32,12,0,0,9,3,0,1,3,2,0,16,32,0
2014,1/2/2014,0,0,63,9,5,0,0,17,0,0,0,22,0,29,0,10,5,2,13,9,1,0,6,8,0,0,11,2,0,11,19,0
2014,8/2/2014,0,0,7,0,4,0,0,6,0,0,0,17,0,4,0,6,1,1,15,3,3,0,8,1,4,0,5,0,0,5,24,0
2014,15/02/2014,0,0,11,10,1,0,0,6,0,0,0,13,0,31,0,5,4,0,22,1,0,0,7,2,50,21,6,5,0,4,14,0
2014,22/02/2014,0,0,7,0,11,0,0,4,0,0,0,17,1,18,0,4,3,4,24,9,6,0,12,2,13,25,4,2,0,10,21,0
2014,1/3/2014,0,0,1,15,12,0,0,15,0,0,0,33,0,25,0,16,5,5,58,15,7,0,12,6,59,2,8,5,0,20,39,0
2014,8/3/2014,0,0,0,0,0,0,0,0,0,0,0,0,0,0,0,0,0,0,0,0,0,0,0,0,0,0,0,0,0,0,0,0
2014,15/03/2014,0,0,4,7,10,0,0,10,0,0,0,13,1,17,0,7,3,1,23,3,0,0,8,5,11,6,3,1,0,8,13,0
2014,22/03/2014,0,0,2,12,8,0,0,2,0,0,0,9,0,8,0,4,7,5,29,0,11,1,9,5,9,3,7,0,0,14,14,0
2014,29/03/2014,0,0,3,8,10,0,0,9,0,0,0,13,1,6,0,2,1,10,29,18,0,0,5,3,4,1,6,3,0,6,1,0
2014,5/4/2014,0,0,5,11,15,0,0,6,0,0,0,12,0,11,0,13,6,6,47,12,5,0,2,0,21,0,4,1,0,6,3,0
2014,12/4/2014,0,0,5,0,8,0,0,6,0,0,0,10,0,4,0,1,2,3,33,3,5,0,5,2,21,4,4,0,0,10,3,0
2014,19/04/2014,0,0,3,17,6,0,0,0,0,0,0,4,1,6,0,3,4,3,29,2,4,0,1,2,6,3,3,4,0,3,3,0
2014,26/04/2014,0,0,1,0,5,0,0,4,0,0,0,14,1,2,0,5,1,5,24,3,0,0,3,4,25,3,4,3,0,16,3,0
2014,3/5/2014,0,1,5,0,9,0,1,8,0,0,0,22,1,4,0,1,1,3,24,8,3,0,2,1,15,4,1,3,0,6,2,0
2014,10/5/2014,0,0,2,6,5,0,0,5,0,0,0,3,0,10,0,5,2,1,22,10,1,0,3,2,10,3,0,3,0,9,3,0
2014,17/05/2014,0,0,6,6,12,0,0,2,0,1,0,17,1,5,0,1,4,6,46,5,8,0,3,0,2,7,4,4,0,2,4,0
2014,24/05/2014,0,0,4,2,14,0,0,4,0,0,0,15,0,10,0,2,1,6,56,12,7,0,4,3,28,3,9,3,0,12,0,0
2014,31/05/2014,0,0,9,7,22,0,0,4,0,0,0,24,1,4,0,4,1,5,44,11,10,0,3,9,8,0,5,7,0,14,6,0
2014,7/6/2014,0,1,12,3,12,0,0,8,0,0,0,18,1,6,0,1,4,10,25,17,5,0,2,7,32,22,6,9,0,19,5,0
2014,14/06/2014,0,0,4,0,16,0,0,12,0,0,0,30,1,31,0,7,11,4,25,36,14,0,4,3,24,8,5,12,0,30,7,0
2014,21/06/2014,0,0,11,9,21,0,1,12,0,0,0,23,0,23,0,10,11,4,16,31,11,0,4,2,15,2,6,12,0,21,8,0
2014,28/06/2014,0,0,12,17,17,0,0,9,0,0,0,55,0,14,0,16,10,7,31,23,26,0,10,10,14,7,3,9,0,17,10,0
2014,5/7/2014,0,0,11,0,13,0,0,18,0,0,0,27,0,17,0,2,17,0,25,24,4,0,2,9,22,10,6,10,0,29,14,0
2014,12/7/2014,0,0,18,17,30,0,1,23,0,3,1,33,1,23,0,50,16,9,22,40,20,0,8,12,13,11,12,24,0,17,26,0
2014,19/07/2014,0,0,12,9,19,0,3,16,0,3,6,35,6,12,0,16,17,2,25,33,31,0,7,19,26,3,7,22,0,50,7,0
2014,26/07/2014,0,0,24,9,14,0,0,40,0,3,0,31,0,19,0,35,28,1,38,36,5,0,7,14,6,0,3,22,0,44,17,0
2014,2/8/2014,0,0,27,24,22,0,0,19,0,1,1,31,4,18,0,29,16,2,0,63,17,1,7,11,18,2,7,19,0,35,9,0
2014,9/8/2014,0,0,50,10,32,0,5,10,0,6,0,32,2,34,0,21,16,2,15,33,25,0,5,10,24,14,7,28,0,54,15,0
2014,16/08/2014,0,0,62,0,23,0,0,21,0,0,0,46,3,16,0,15,23,3,30,10,6,0,6,3,16,13,7,20,0,99,16,0
2014,23/08/2014,0,0,167,14,19,0,0,20,0,11,1,30,0,38,0,38,21,5,36,95,0,0,9,6,25,9,8,12,0,82,15,0
2014,30/08/2014,0,0,170,22,22,0,0,15,0,1,0,43,3,34,0,28,31,2,42,43,42,0,3,5,46,12,6,24,0,52,9,0
2014,6/9/2014,0,0,183,19,33,0,27,18,0,2,0,35,0,60,0,21,25,5,31,107,31,0,7,8,26,24,11,26,0,124,13,0
2014,13/09/2014,0,0,156,17,39,0,2,15,0,0,0,78,6,19,0,36,42,2,15,71,11,1,5,5,66,7,10,12,0,125,15,0
2014,20/09/2014,0,0,103,0,25,0,0,6,0,1,0,24,2,55,0,3,24,6,19,74,23,0,5,1,91,1,5,22,0,77,14,0
2014,27/09/2014,0,0,292,29,28,0,24,29,0,1,0,30,3,67,0,28,24,5,28,83,18,1,4,9,114,24,4,16,0,125,24,0
2014,4/10/2014,0,0,349,0,37,0,15,25,0,1,0,23,0,66,0,39,19,5,21,74,32,0,5,5,25,34,16,22,0,94,13,0
2014,11/10/2014,0,0,311,23,25,0,22,29,0,1,0,13,0,77,0,44,30,10,49,76,15,0,5,7,77,30,11,28,0,85,14,0
2014,18/10/2014,0,0,393,0,38,0,27,23,0,0,0,36,0,61,0,57,24,15,40,66,38,0,13,8,123,60,15,50,0,110,22,0
2014,25/10/2014,0,0,474,29,35,0,11,28,0,0,0,27,0,47,0,36,23,6,36,94,17,1,8,4,71,123,11,51,0,88,20,0
2014,1/11/2014,0,1,404,9,37,0,15,33,0,0,0,52,2,32,0,15,16,4,19,79,33,0,10,2,172,174,7,41,0,96,24,0
2014,8/11/2014,0,0,161,15,64,0,17,12,0,3,0,37,2,65,0,28,12,1,17,41,30,0,9,7,78,11,8,62,0,84,8,0
2014,15/11/2014,0,0,343,0,43,0,13,30,0,2,0,39,0,33,0,20,16,0,21,53,13,0,16,3,94,765,8,65,0,99,20,0
2014,22/11/2014,0,0,109,12,34,0,0,15,0,0,0,28,2,23,0,14,12,1,10,21,14,0,0,2,58,487,5,14,0,62,12,0
2014,29/11/2014,0,0,186,1,25,0,14,33,0,0,0,47,1,74,0,9,11,0,16,25,10,1,21,0,66,217,4,23,0,49,8,0
2014,6/12/2014,0,0,118,13,35,0,0,14,0,1,0,32,2,14,0,18,9,0,6,34,10,0,14,5,112,312,5,8,0,43,22,0
2014,13/12/2014,0,0,111,12,29,0,4,13,0,0,0,37,0,21,0,9,10,4,9,34,4,0,9,0,30,203,3,3,0,37,5,0
2014,20/12/2014,0,5,42,6,20,0,0,17,0,0,0,18,0,2,0,6,3,0,0,10,4,0,7,2,9,253,1,7,0,27,9,0
2014,27/12/2014,0,0,39,0,4,0,1,9,0,0,0,30,0,4,0,0,4,0,0,1,2,0,6,1,4,53,1,3,0,4,7,0
2014,3/1/2015,0,7,4,0,3,0,0,2,0,0,0,5,0,2,0,0,3,0,0,0,1,0,1,0,0,20,4,1,0,3,2,0
2015,10/1/2015,0,0,0,0,2,0,0,0,0,0,0,1,0,0,0,0,0,0,0,0,0,0,1,2,0,4,0,1,0,0,1,0
2015,17/01/2015,0,0,3,0,22,0,0,5,0,0,0,31,0,2,0,1,2,2,4,0,0,0,4,1,0,4,4,2,0,9,1,0
2015,24/01/2015,0,0,5,12,2,0,0,12,0,0,0,29,0,9,0,10,4,0,1,0,0,0,11,0,3,20,2,1,0,13,10,0
2015,31/01/2015,0,0,11,0,28,0,0,3,0,0,0,27,0,3,0,9,4,1,7,7,0,0,13,2,8,7,13,3,0,12,5,0
2015,7/2/2015,0,0,3,3,0,0,0,6,0,0,0,30,0,2,0,3,5,0,6,28,3,0,3,2,1,4,4,1,0,2,3,0
2015,14/02/2015,0,0,4,11,32,0,1,5,0,0,0,53,0,1,0,4,4,1,6,12,0,0,14,0,22,2,5,1,0,9,4,0
2015,21/02/2015,0,1,2,0,9,0,0,19,0,0,0,48,0,7,0,5,0,0,7,10,5,0,4,1,1,8,5,4,0,9,3,0
2015,28/02/2015,0,0,2,0,14,0,0,6,0,0,0,29,0,2,0,5,5,2,10,5,2,0,7,2,2,1,2,2,0,9,4,0
2015,7/3/2015,0,0,1,9,8,0,1,6,0,0,0,56,0,2,0,4,3,0,14,14,4,1,8,3,13,2,3,4,0,10,2,0
2015,14/03/2015,0,0,1,0,10,0,0,13,0,0,0,40,0,0,0,7,4,3,2,8,3,0,10,2,7,2,5,2,0,4,3,0
2015,21/03/2015,0,0,1,0,11,0,0,7,0,0,0,36,0,0,0,0,4,1,11,5,4,0,6,0,11,5,1,3,0,7,6,0
2015,28/03/2015,0,0,0,16,10,0,2,9,0,0,0,49,0,2,0,9,4,4,10,4,3,0,2,3,2,2,4,6,0,9,3,0
2015,4/4/2015,0,0,0,3,12,0,0,21,0,0,0,33,1,2,0,10,0,0,12,0,1,0,2,1,2,7,6,1,0,2,1,0
2015,11/4/2015,0,0,0,0,14,0,0,7,0,0,0,30,0,2,0,1,1,3,7,11,1,0,3,3,9,4,10,5,0,7,7,0
2015,18/04/2015,0,0,1,7,12,0,1,13,0,0,0,34,0,4,0,23,3,3,18,12,3,1,8,4,10,11,6,8,0,12,2,0
2015,25/04/2015,0,0,0,0,16,0,0,17,0,1,0,32,1,4,0,12,8,4,16,7,2,0,15,4,11,13,4,10,0,11,8,0
2015,2/5/2015,0,0,1,12,19,0,0,16,0,0,0,34,0,5,0,12,3,2,25,18,5,0,11,5,2,18,15,11,0,4,4,0
2015,9/5/2015,0,1,1,0,14,0,2,23,0,0,0,31,0,13,0,1,6,4,8,0,5,0,4,3,8,7,4,9,0,14,2,0
2015,16/05/2015,0,0,2,8,23,0,0,27,0,0,0,11,1,5,0,10,5,5,16,0,9,0,8,5,4,10,10,7,0,10,4,0
2015,23/05/2015,0,0,1,17,39,0,0,32,0,0,0,16,0,6,0,5,4,3,9,0,6,0,8,6,9,11,9,10,0,26,3,0
2015,30/05/2015,0,0,1,0,49,0,0,35,0,1,0,41,0,10,0,4,10,6,12,0,1,0,7,3,18,16,7,10,0,19,3,0
2015,6/6/2015,0,0,1,13,52,0,0,50,0,1,0,27,2,10,0,38,8,10,19,2,11,0,9,2,6,10,9,8,0,26,2,0
2015,13/06/2015,0,0,1,9,39,0,0,47,0,0,0,23,3,16,0,23,13,12,24,5,1,0,7,4,4,18,7,12,0,29,11,0
2015,20/06/2015,0,0,2,18,43,0,1,41,0,0,0,22,0,15,0,15,13,14,18,3,10,0,11,2,6,26,5,9,0,42,9,0
2015,27/06/2015,0,0,2,0,43,0,1,55,0,2,0,20,1,32,0,21,15,5,26,0,5,0,14,0,9,54,8,12,0,43,5,0
2015,4/7/2015,0,2,2,26,50,0,2,80,0,0,0,22,14,19,13,34,7,10,14,2,0,0,9,0,1,41,6,8,0,48,7,0
2015,11/7/2015,0,0,3,22,17,0,0,53,0,0,0,22,5,14,2,13,25,4,26,14,16,0,22,3,12,28,7,9,0,33,15,0
2015,18/07/2015,0,0,2,0,14,0,0,26,0,0,0,39,1,40,4,8,22,6,16,1,19,0,14,0,0,24,8,9,0,109,12,40
2015,25/07/2015,0,0,2,37,29,0,0,13,0,0,0,34,0,16,2,37,32,12,8,19,0,0,33,6,14,22,17,13,0,59,30,12
2015,1/8/2015,0,0,0,5,10,0,0,24,0,0,0,18,0,29,0,66,23,3,20,11,65,0,90,3,12,22,16,3,0,85,40,1
2015,8/8/2015,0,1,3,0,55,0,0,39,0,0,0,23,5,20,0,87,29,15,10,21,10,0,92,2,3,17,11,15,0,131,79,0
2015,15/08/2015,0,0,2,10,0,0,1,52,0,0,0,8,1,52,0,151,6,24,21,15,12,0,13,2,7,23,10,12,0,123,73,0
2015,22/08/2015,0,0,1,0,27,0,0,49,0,0,0,36,2,35,0,79,12,17,9,0,30,0,25,2,8,5,24,8,0,91,118,0
2015,29/08/2015,0,4,1,16,44,0,0,57,0,3,0,26,4,27,0,52,23,24,19,0,31,0,29,3,0,27,31,25,0,32,71,0
2015,5/9/2015,0,1,8,16,18,0,4,48,0,2,0,28,0,51,0,96,28,59,17,1,71,0,19,0,4,41,11,37,0,465,113,12
2015,12/9/2015,0,0,6,0,27,1,4,37,0,18,0,14,0,85,0,106,10,38,0,27,13,1,24,4,36,30,27,10,0,85,94,39
2015,19/09/2015,0,2,7,0,3,2,1,6,0,0,0,13,1,138,0,22,5,0,37,0,29,0,19,2,16,1,14,7,0,24,33,22
2015,26/09/2015,0,4,12,48,34,1,0,57,0,29,0,4,4,49,6,72,9,18,9,0,37,1,4,3,27,56,17,8,0,183,111,0
2015,3/10/2015,1,0,7,11,14,1,0,12,0,11,1,1,4,92,0,35,23,43,20,0,30,0,1,0,18,103,9,19,0,93,41,40
2015,10/10/2015,0,9,26,0,22,0,1,3,0,39,0,7,1,107,0,69,13,27,19,11,17,1,3,3,7,121,17,15,0,181,37,0
2015,17/10/2015,1,29,28,12,16,0,5,3,0,1,0,5,4,146,0,28,25,71,33,17,13,0,6,6,13,171,36,12,0,65,33,0
2015,24/10/2015,3,0,45,2,23,0,1,2,0,6,0,7,3,96,3,40,5,57,27,0,10,0,4,3,45,182,19,19,0,32,24,0
2015,31/10/2015,4,34,58,0,8,5,8,5,0,5,0,5,1,150,0,33,19,21,33,0,17,0,29,3,74,193,31,18,0,27,53,0
2015,7/11/2015,13,8,39,0,19,2,6,2,0,0,0,4,0,68,0,39,5,40,29,9,18,0,4,2,35,239,14,13,0,15,4,0
2015,14/11/2015,0,32,20,17,38,5,8,7,0,0,1,8,0,112,0,61,16,17,18,1,24,0,10,1,30,216,21,42,0,57,4,0
2015,21/11/2015,0,29,19,2,9,0,2,4,0,0,0,3,4,69,0,32,9,1,19,3,55,0,130,9,27,178,27,33,0,248,8,0
2015,28/11/2015,0,6,32,5,19,0,7,6,0,3,1,16,1,282,0,47,17,8,29,11,35,1,30,4,32,39,14,34,0,185,7,0
2015,5/12/2015,0,7,26,3,26,1,1,3,0,1,0,19,0,366,0,34,16,7,54,15,0,0,29,3,32,9,14,35,0,97,4,0
2015,12/12/2015,0,29,27,0,30,0,3,5,0,0,0,27,2,71,0,63,3,3,12,26,21,0,17,2,30,342,10,49,0,10,2,0
2015,19/12/2015,0,2,8,5,15,0,2,3,0,3,0,20,1,44,0,40,2,17,5,15,6,0,9,0,23,115,10,7,0,34,6,15
2015,26/12/2015,0,2,4,0,24,0,0,0,0,0,0,14,3,20,0,34,0,4,1,1,4,0,3,4,14,44,8,0,0,25,4,0
2015,2/1/2016,0,3,4,0,18,0,0,0,0,0,0,2,0,12,0,9,0,3,3,0,0,0,5,0,3,16,2,0,0,9,0,0
2016,9/1/2016,0,0,0,0,1,0,0,0,0,0,0,3,0,0,0,0,0,0,0,0,0,0,0,0,0,0,0,0,0,0,0,0
2016,16/01/2016,0,0,1,0,14,0,0,4,0,0,0,12,0,11,0,9,0,1,2,2,1,0,3,0,0,3,11,6,0,7,1,0
2016,23/01/2016,0,0,5,1,23,0,0,1,0,0,0,27,0,16,0,12,1,0,1,7,11,0,5,3,6,8,20,3,0,16,1,0
2016,30/01/2016,0,0,2,7,28,0,0,3,0,0,0,42,0,12,0,7,3,7,11,3,0,0,3,0,10,4,12,0,0,25,1,0
2016,6/2/2016,0,0,1,11,23,0,0,3,0,0,0,22,0,11,0,9,2,4,19,0,0,0,3,2,1,6,11,5,0,7,0,0
2016,13/02/2016,0,0,3,0,20,0,0,7,0,0,0,43,0,8,0,9,6,9,12,4,3,0,2,5,2,7,15,8,0,23,3,0
2016,20/02/2016,0,0,2,21,18,0,0,12,0,0,0,36,0,10,5,11,1,9,7,14,5,0,6,6,12,7,20,2,0,26,4,0
2016,27/02/2016,0,1,3,1,14,0,0,9,0,0,0,58,2,2,11,16,1,6,40,10,1,0,9,7,3,5,11,9,0,22,2,0
2016,5/3/2016,0,0,4,3,13,0,2,5,0,0,0,45,1,6,7,22,3,9,33,0,2,0,12,19,4,6,11,10,0,18,4,0
2016,12/3/2016,0,0,1,1,11,0,0,3,0,0,0,28,1,16,1,18,6,8,8,6,2,0,1,8,9,4,7,4,0,19,1,0
2016,19/03/2016,0,0,7,0,29,0,1,1,0,0,0,49,4,15,0,14,3,5,17,0,1,0,3,10,7,2,1,2,0,19,3,0
2016,26/03/2016,0,0,0,0,0,0,0,3,0,0,0,9,1,8,0,10,1,1,2,0,0,0,3,1,0,0,7,12,0,1,1,0
2016,2/4/2016,0,0,1,1,14,0,0,2,0,0,0,18,0,1,8,6,1,0,8,9,4,0,4,0,1,4,3,3,0,13,1,0
2016,9/4/2016,0,0,5,0,5,0,0,1,0,0,1,12,0,9,2,8,0,5,5,8,0,0,0,2,1,3,16,9,0,15,0,0
2016,16/04/2016,0,0,3,0,17,0,2,4,0,0,0,16,0,11,0,19,0,3,11,3,2,0,2,3,4,2,6,6,0,5,1,0
2016,23/04/2016,0,0,1,0,6,0,0,6,0,0,0,14,0,5,1,15,0,3,8,4,2,0,2,1,3,2,17,1,0,12,4,0
2016,30/04/2016,0,0,0,0,5,0,2,1,0,0,0,22,0,9,11,25,0,2,20,0,0,0,2,2,0,3,4,8,0,0,0,0
2016,7/5/2016,0,0,0,0,11,0,0,0,0,0,0,19,1,2,4,20,0,0,13,0,2,0,7,0,1,3,3,8,0,19,0,0
2016,14/05/2016,0,0,1,0,8,0,0,1,0,1,1,10,0,5,23,9,0,3,21,0,0,0,2,1,4,2,4,5,0,2,5,0
2016,21/05/2016,0,1,2,0,24,0,1,4,0,0,0,43,0,3,6,11,1,4,0,0,1,0,2,1,2,0,9,9,0,16,1,0
2016,28/05/2016,0,0,0,2,20,0,1,2,0,1,0,13,0,7,20,14,1,2,20,1,0,0,1,1,5,1,5,4,0,0,2,0
2016,4/6/2016,0,0,1,0,11,0,2,3,0,0,0,36,1,24,11,6,1,2,14,3,2,0,10,0,2,1,6,2,0,18,1,0
2016,11/6/2016,0,0,2,0,20,0,1,8,0,0,0,37,0,24,16,11,5,1,17,6,2,0,2,0,0,5,5,2,0,1,3,0
2016,18/06/2016,0,0,0,0,17,0,0,5,0,0,0,49,0,14,14,13,2,4,14,1,5,0,2,1,3,0,7,8,0,12,2,0
2016,25/06/2016,0,0,3,0,12,0,0,8,0,0,0,32,0,38,15,13,1,0,19,3,3,0,4,1,1,2,9,0,0,36,4,0
2016,2/7/2016,0,0,2,0,21,0,2,11,0,0,0,22,0,25,11,11,2,3,6,3,3,0,0,4,3,1,6,26,0,27,2,0
2016,9/7/2016,0,0,2,0,10,0,0,6,0,0,0,33,2,23,13,15,2,2,21,3,4,0,4,4,2,1,3,5,0,12,2,0
2016,16/07/2016,0,0,0,0,11,0,1,4,0,0,0,23,0,31,4,16,1,2,20,5,5,0,7,0,0,1,0,9,0,34,2,0
2016,23/07/2016,0,0,0,0,9,0,1,7,0,0,0,32,8,31,2,12,3,3,16,5,1,0,1,6,2,2,2,4,0,70,0,0
2016,30/07/2016,0,0,0,0,6,0,0,10,0,0,1,49,4,18,0,17,6,1,25,0,12,0,6,2,2,0,4,12,0,29,4,0
2016,6/8/2016,0,0,0,0,0,0,0,3,0,0,0,0,0,2,0,8,3,1,5,1,2,0,0,1,0,0,10,10,0,1,0,0
2016,13/08/2016,0,0,0,3,42,0,1,15,0,17,1,70,9,28,23,40,0,7,11,4,8,0,6,2,0,5,0,18,0,32,12,0
2016,20/08/2016,0,0,0,0,6,0,0,12,0,14,0,53,5,23,1,31,4,5,13,4,4,0,7,0,1,2,1,6,0,61,2,0
2016,27/08/2016,0,1,1,0,10,0,21,6,0,36,0,41,1,44,25,36,5,0,10,3,0,0,8,2,1,1,13,36,0,84,5,14
2016,3/9/2016,0,0,4,0,4,0,11,17,0,22,0,47,4,81,0,99,5,11,10,14,9,0,5,4,5,1,29,36,0,248,16,1
2016,10/9/2016,0,0,2,0,17,1,23,8,0,26,1,43,1,56,33,69,12,4,39,7,0,0,0,6,7,1,16,34,0,137,8,0
2016,17/09/2016,0,0,1,0,4,0,7,14,0,9,0,22,6,59,0,43,12,17,13,7,39,0,1,2,5,2,13,26,0,81,19,0
2016,24/09/2016,0,2,3,11,5,0,0,4,0,7,0,18,3,61,0,51,4,5,18,0,17,0,2,3,0,5,4,28,0,165,4,19
2016,1/10/2016,0,0,3,0,1,0,53,4,0,81,0,21,11,69,4,61,7,5,2,1,36,0,3,1,25,1,14,30,0,61,7,2
2016,8/10/2016,0,0,10,3,7,0,6,2,0,40,0,11,8,75,0,59,10,4,79,12,1,0,2,1,13,3,3,13,0,102,19,0
2016,15/10/2016,0,1,7,0,3,0,16,9,0,192,2,19,2,165,37,62,10,5,45,4,8,0,1,3,37,4,1,57,0,20,5,9
2016,22/10/2016,0,0,11,1,4,1,89,17,0,77,3,27,8,118,166,60,9,2,21,2,15,0,2,5,19,7,4,37,0,63,19,7
2016,29/10/2016,0,0,15,0,7,1,32,9,0,270,4,18,3,64,58,46,9,6,20,3,24,0,5,1,33,5,38,14,0,126,28,0
2016,5/11/2016,0,0,3,0,3,0,31,0,0,49,3,15,11,72,12,41,4,8,8,0,3,0,0,2,27,14,4,14,0,1,4,0
2016,12/11/2016,0,0,18,3,0,0,58,15,0,16,7,6,1,86,52,47,2,7,114,8,7,0,8,0,45,8,7,0,0,76,16,3
2016,19/11/2016,0,1,12,1,2,0,44,7,0,19,7,8,9,68,23,69,13,7,90,2,6,1,1,3,62,8,5,5,0,21,24,1
2016,26/11/2016,0,0,7,0,0,0,158,4,0,25,5,9,1,94,38,41,5,4,85,0,4,0,5,3,40,5,3,9,0,13,6,1
2016,3/12/2016,0,0,1,0,1,0,26,2,0,4,4,8,1,27,5,18,7,7,84,0,1,0,0,1,36,6,2,1,0,8,1,0
2016,10/12/2016,0,0,9,0,3,0,105,5,0,14,0,5,10,24,0,1,6,4,227,1,3,0,2,3,15,4,3,1,0,11,9,0
2016,17/12/2016,0,0,6,0,1,0,25,2,0,4,1,8,0,6,0,18,1,2,64,0,2,0,1,0,30,1,2,0,0,5,0,1
2016,24/12/2016,0,1,1,0,1,0,29,0,0,0,0,5,0,5,0,4,8,0,2,0,0,0,0,0,18,0,0,0,0,8,6,0
2016,31/12/2016,0,1,0,0,0,0,9,0,0,2,0,1,0,1,0,1,0,0,3,0,0,0,0,1,0,1,0,0,0,5,2,0
2017,7/1/2017,0,0,0,0,0,0,0,0,0,0,0,0,0,0,0,0,0,0,0,0,0,0,0,0,0,0,0,0,0,0,0,0
2017,14/01/2017,0,0,0,0,1,0,0,0,0,0,0,1,0,3,0,4,1,1,1,0,0,0,0,0,0,0,3,0,0,6,0,0
2017,21/01/2017,0,0,0,0,4,0,0,1,0,0,0,1,0,4,0,6,0,2,9,0,2,0,1,0,0,0,2,1,0,0,0,0
2017,28/01/2017,0,0,0,0,5,0,1,1,0,0,0,6,0,2,2,6,2,5,4,0,0,0,0,1,6,2,0,11,0,2,1,0
2017,4/2/2017,0,0,0,0,5,0,0,0,0,0,0,2,0,6,6,7,4,3,16,0,5,0,2,0,0,1,2,9,0,10,0,0
2017,11/2/2017,0,0,0,0,2,0,0,1,0,0,0,11,0,3,0,2,1,0,6,0,2,0,0,0,2,1,2,5,0,3,1,0
2017,18/02/2017,0,0,0,0,5,0,0,0,0,0,0,5,1,1,0,4,0,0,9,0,4,0,0,0,5,0,2,6,0,5,2,0
2017,25/02/2017,0,0,0,0,2,0,0,0,0,0,0,2,1,1,0,7,2,1,0,0,2,0,1,1,0,1,3,2,0,7,2,0
2017,4/3/2017,0,0,0,0,3,0,0,0,0,0,0,2,0,6,3,3,0,2,11,0,1,0,0,0,2,0,1,4,0,6,1,0
2017,11/3/2017,0,0,0,0,3,0,0,1,0,0,0,3,0,3,0,4,2,0,11,0,3,0,4,2,3,1,2,0,0,5,2,0
2017,18/03/2017,0,0,0,0,1,0,0,0,0,0,0,4,0,0,1,4,1,2,9,0,2,0,3,0,1,1,0,7,0,5,0,0
2017,25/03/2017,0,0,0,0,7,0,0,3,0,0,0,2,0,6,1,2,4,3,4,2,2,0,3,1,0,0,0,6,0,4,1,0
2017,1/4/2017,0,1,0,0,4,0,0,1,0,0,0,9,0,4,0,4,0,0,4,0,2,0,2,2,2,1,0,3,0,13,5,0
2017,8/4/2017,0,0,0,0,3,0,0,0,0,0,0,1,1,6,0,4,0,3,4,4,1,0,2,1,3,4,1,3,0,8,1,0
2017,15/04/2017,0,0,0,0,3,0,0,1,0,0,0,0,1,1,1,6,1,0,3,0,0,0,1,0,2,1,0,2,0,4,1,0
2017,22/04/2017,0,0,0,0,2,0,2,0,0,0,0,4,0,3,0,2,0,0,8,0,0,0,2,2,0,5,1,1,0,4,1,0
2017,29/04/2017,0,1,0,0,13,0,0,1,0,0,0,1,0,3,6,3,1,1,16,0,4,0,3,4,0,2,2,0,0,4,1,0
2017,6/5/2017,1,1,0,0,4,0,0,1,0,0,0,1,0,5,9,2,0,0,5,1,2,0,1,2,1,1,0,0,0,3,0,0
2017,13/05/2017,0,0,2,0,13,0,0,0,0,0,0,1,0,2,14,2,0,0,6,0,4,0,0,5,1,0,2,1,0,6,3,0
2017,20/05/2017,0,0,0,0,15,0,1,3,0,0,0,3,0,6,0,1,1,5,11,0,1,0,2,0,1,2,1,6,0,7,6,0
2017,27/05/2017,0,0,0,0,9,0,0,2,0,0,1,2,2,6,0,0,3,4,9,0,0,0,4,1,0,3,0,5,0,5,0,0
2017,3/6/2017,0,0,0,2,20,0,0,1,0,0,4,6,5,12,10,1,4,5,5,2,5,0,1,6,1,1,2,10,0,8,1,0
2017,10/6/2017,0,0,2,0,25,0,1,6,0,0,0,2,1,32,14,0,2,5,6,3,7,0,4,0,1,0,2,11,0,7,3,0
2017,17/06/2017,1,0,1,0,11,0,1,2,0,0,1,7,5,6,2,2,2,6,9,0,9,0,1,4,1,3,1,7,0,18,1,0
2017,24/06/2017,0,0,0,1,10,0,0,1,0,0,15,10,1,6,3,4,8,0,25,4,13,0,7,1,2,3,1,10,0,30,4,0
2017,1/7/2017,0,1,0,0,12,0,1,0,0,0,20,3,3,7,4,7,1,2,9,1,1,0,5,7,0,3,1,13,0,14,2,0
2017,8/7/2017,0,1,0,0,14,0,3,1,0,0,15,5,7,13,24,3,1,1,16,3,15,0,4,3,1,1,4,20,0,39,3,0
2017,15/07/2017,0,0,0,0,18,0,0,2,0,1,15,8,2,12,5,5,3,1,21,1,4,0,5,5,0,2,5,16,0,15,2,0
2017,22/07/2017,0,0,0,1,15,0,0,0,0,1,6,10,9,10,27,6,0,0,9,4,4,0,9,4,2,2,2,12,0,16,4,0
2017,29/07/2017,0,0,1,0,4,0,0,1,0,2,6,7,3,8,5,1,1,0,18,0,9,0,2,3,1,2,1,19,0,32,2,0
2017,5/8/2017,0,0,0,0,11,0,0,0,0,0,37,6,9,27,5,2,1,2,26,0,10,0,3,2,4,2,1,20,0,23,2,0
2017,12/8/2017,0,0,1,0,3,0,0,0,0,0,57,10,6,10,8,8,0,0,30,1,7,0,1,2,2,2,0,5,0,23,4,0
2017,19/08/2017,0,0,0,0,10,0,0,0,0,1,186,10,7,18,9,6,0,6,39,1,19,0,2,6,1,0,3,16,0,34,2,0
2017,26/08/2017,0,0,0,1,17,0,0,0,0,0,136,4,23,50,36,5,1,5,35,0,13,0,1,2,2,6,0,22,0,32,0,0
2017,2/9/2017,1,0,0,0,21,0,0,0,0,4,188,6,31,35,8,12,1,0,42,4,22,0,2,7,2,7,3,48,0,55,4,0
2017,9/9/2017,0,0,4,0,16,0,0,0,0,20,204,3,36,30,10,26,1,0,86,8,23,1,0,2,6,1,0,17,0,63,3,0
2017,16/09/2017,0,0,2,0,9,0,1,0,0,15,214,8,30,22,0,15,1,0,88,2,13,0,3,4,2,5,0,4,0,47,2,0
2017,23/09/2017,0,1,4,0,20,0,1,1,0,31,224,4,32,35,5,21,0,2,100,7,3,9,0,5,0,4,0,14,0,42,0,0
2017,30/09/2017,1,0,1,0,18,0,5,0,0,17,197,8,46,28,0,8,0,0,84,1,28,3,1,0,0,6,0,6,0,58,0,0
2017,7/10/2017,0,0,3,0,19,0,9,0,0,49,378,3,42,15,0,2,1,0,101,3,40,2,0,1,2,26,0,24,0,49,2,0
2017,14/10/2017,0,2,2,0,19,0,4,0,0,29,314,5,36,21,0,13,1,1,94,3,26,3,2,3,1,21,1,12,0,55,0,0
2017,21/10/2017,0,0,3,0,8,0,4,0,0,79,364,11,12,18,0,10,1,0,95,13,42,0,0,3,0,3,0,14,0,26,2,0
2017,28/10/2017,0,2,1,0,10,4,8,2,0,32,292,2,47,28,2,10,0,1,121,4,11,1,2,9,7,13,0,28,0,71,1,0
2017,4/11/2017,0,0,0,0,2,3,5,1,0,56,155,1,1,9,0,2,0,0,27,8,38,1,0,5,0,1,0,4,0,30,1,0
2017,11/11/2017,0,0,2,0,11,2,1,1,0,2,278,0,2,83,2,17,0,0,4,0,25,1,1,3,0,3,1,8,0,31,1,0
2017,18/11/2017,0,0,0,0,6,0,3,1,0,1,214,0,1,28,0,8,2,0,47,2,14,1,3,3,0,2,2,18,0,25,0,0
2017,25/11/2017,0,1,1,0,10,0,1,2,0,3,156,1,0,116,0,6,0,1,30,2,10,13,0,1,2,0,0,8,0,29,1,0
2017,2/12/2017,0,0,0,0,1,0,2,1,0,8,83,0,0,91,0,15,2,0,29,1,4,2,3,1,0,0,1,11,0,17,0,0
2017,9/12/2017,0,0,0,0,4,0,0,0,0,5,55,1,1,67,123,9,0,0,17,3,8,1,0,0,1,0,0,12,0,13,0,0
2017,16/12/2017,0,0,0,0,1,0,9,1,0,0,15,0,0,64,112,6,1,4,22,0,1,0,1,1,0,0,0,3,0,17,0,0
2017,23/12/2017,0,0,0,0,2,0,2,0,0,0,3,1,0,14,0,0,0,0,7,0,0,0,0,1,0,0,0,1,0,5,1,0
2017,30/12/2017,0,0,0,0,2,0,0,0,0,0,3,0,0,0,0,2,0,0,0,0,1,0,0,0,0,0,0,0,0,0,0,0
2018,6/1/2018,0,0,0,0,0,0,0,0,0,0,0,0,0,0,0,0,0,0,0,0,0,0,0,0,0,0,0,0,0,0,0,0
2018,13/01/2018,0,0,0,0,1,0,0,0,0,0,0,0,0,1,0,0,0,0,0,0,0,0,0,0,0,0,0,0,0,2,0,0
2018,20/01/2018,0,0,0,0,0,0,0,0,0,0,0,0,0,0,0,1,0,0,0,0,1,0,1,0,1,0,0,0,0,0,0,0
2018,27/01/2018,0,0,0,0,6,0,0,0,0,0,0,0,0,1,2,0,0,0,0,0,0,0,0,0,0,0,0,0,0,1,0,0
2018,3/2/2018,0,0,0,0,1,0,0,0,0,0,0,0,1,4,0,1,0,0,0,0,0,0,0,0,0,0,0,0,0,1,0,0
2018,10/2/2018,0,0,0,0,3,0,0,0,0,0,0,0,0,3,0,0,0,0,0,0,0,0,0,0,0,0,0,0,0,0,0,0
2018,17/02/2018,0,0,0,0,2,0,0,0,0,0,0,0,0,1,0,4,0,0,0,0,0,0,0,0,0,0,0,0,0,0,0,0
2018,24/02/2018,0,0,0,0,1,0,0,0,0,0,0,2,0,3,0,2,0,0,1,0,0,0,0,0,0,0,0,0,0,1,0,0
2018,3/3/2018,0,0,0,0,3,0,0,0,0,0,0,2,0,0,0,1,0,0,0,0,0,0,0,0,0,0,0,0,0,1,0,0
2018,10/3/2018,0,0,0,0,2,0,0,0,0,0,0,1,0,2,1,0,0,0,0,0,0,0,0,0,0,0,0,0,0,0,0,0
2018,17/03/2018,0,0,0,0,5,0,0,0,0,0,0,0,0,2,1,0,0,0,0,0,0,0,0,0,0,0,0,2,0,1,0,0
2018,24/03/2018,0,0,0,0,2,0,0,0,0,0,0,0,0,1,2,0,0,0,0,0,0,0,0,0,0,0,0,0,0,1,0,0
2018,31/03/2018,0,0,0,0,2,0,0,0,0,0,1,0,0,2,0,0,0,0,0,0,0,0,0,0,0,0,0,0,0,0,0,0
2018,7/4/2018,0,0,0,0,4,0,0,0,0,0,1,1,0,0,0,0,0,0,0,0,0,0,0,0,0,0,0,0,0,1,0,0
2018,14/04/2018,0,0,0,0,0,0,0,0,0,0,0,0,0,1,1,0,0,0,0,0,0,0,0,0,0,0,0,0,0,1,0,0
2018,21/04/2018,0,0,0,0,5,0,0,0,0,0,0,1,0,2,0,0,0,0,0,0,0,0,0,0,0,0,0,0,0,1,0,0
2018,28/04/2018,0,0,0,0,3,0,0,0,0,0,0,1,0,3,0,0,0,0,0,1,0,0,1,0,0,0,0,2,0,6,0,0
2018,5/5/2018,0,0,0,0,1,0,0,0,0,0,0,0,0,2,0,0,0,0,0,0,0,0,0,0,0,0,0,1,0,0,0,0
2018,12/5/2018,0,0,0,0,6,0,0,0,0,0,0,0,0,6,1,0,0,0,0,0,0,0,0,0,0,0,0,0,0,2,0,0
2018,19/05/2018,0,0,0,0,4,0,0,0,0,0,0,0,0,4,0,0,0,0,0,0,0,0,1,3,0,0,0,4,0,11,0,0
2018,26/05/2018,0,0,0,0,7,0,0,0,0,0,0,0,1,17,0,0,0,0,0,0,0,0,0,2,0,0,0,1,0,2,0,0
2018,2/6/2018,0,0,0,0,11,0,0,0,0,0,0,1,0,18,2,1,0,1,0,0,1,0,0,5,0,0,0,0,0,5,0,0
2018,9/6/2018,0,0,0,0,21,0,0,0,0,0,1,0,0,12,8,0,0,1,0,0,1,0,1,4,1,0,0,2,0,24,0,0
2018,16/06/2018,0,0,0,0,31,0,0,0,0,0,1,0,1,10,2,7,0,0,0,0,0,0,0,11,0,0,0,3,0,17,0,0
2018,23/06/2018,0,0,0,0,24,0,0,1,0,0,2,0,0,12,14,5,0,0,2,2,3,0,2,8,0,0,1,4,0,23,0,0
2018,30/06/2018,0,0,0,0,18,0,0,0,0,0,2,1,0,8,7,4,0,0,0,1,2,0,1,19,0,0,0,1,0,15,0,0
2018,7/7/2018,0,0,0,0,50,0,0,0,0,0,0,0,1,13,1,19,0,0,2,1,1,0,3,11,0,0,0,15,0,18,0,0
2018,14/07/2018,0,0,1,0,22,0,0,0,0,0,0,0,0,5,0,4,0,0,1,0,0,0,2,5,0,0,0,1,0,11,0,0
2018,21/07/2018,0,0,0,0,20,0,0,1,0,0,1,0,0,25,7,5,4,0,1,1,3,0,1,3,0,0,0,1,0,26,0,0
2018,28/07/2018,0,0,0,0,21,0,0,0,0,0,0,6,0,18,9,9,0,0,3,3,0,0,1,12,0,0,0,5,0,17,0,0
2018,4/8/2018,0,0,1,0,16,0,0,0,0,0,0,1,0,31,2,3,0,0,6,3,2,0,2,20,1,0,0,4,0,56,0,0
2018,11/8/2018,0,0,1,0,27,0,0,1,0,0,0,1,0,23,3,12,1,2,4,1,0,0,5,1,0,0,3,0,0,23,0,0
2018,18/08/2018,0,0,4,0,21,0,0,0,0,2,0,0,2,48,1,1,1,0,17,0,1,0,1,13,2,0,0,3,0,60,0,0
2018,25/08/2018,0,0,0,0,20,0,0,1,0,0,1,2,11,36,3,7,0,0,21,3,14,0,2,19,10,0,0,3,0,78,0,0
2018,1/9/2018,0,0,8,0,20,0,0,1,0,0,3,2,8,53,9,6,0,1,15,2,0,0,1,8,4,0,0,6,0,65,0,0
2018,8/9/2018,0,0,3,0,33,0,0,0,0,0,2,0,16,95,0,8,0,0,23,1,13,0,5,34,0,0,0,0,0,44,0,0
2018,15/09/2018,0,1,14,0,45,0,3,0,0,0,2,3,17,99,0,9,0,3,16,4,5,0,3,38,7,0,2,4,0,167,0,1
2018,22/09/2018,0,0,19,0,41,0,8,0,0,4,2,5,20,88,3,10,6,0,14,6,4,2,3,35,3,1,4,0,0,97,0,0
2018,29/09/2018,0,0,11,0,51,0,0,2,0,0,1,2,5,157,14,12,3,4,35,0,9,0,5,43,7,0,0,9,0,180,0,1
2018,6/10/2018,0,0,15,0,44,0,8,10,0,1,1,1,5,111,6,21,0,5,24,43,5,0,4,73,7,3,9,32,0,161,0,0
2018,13/10/2018,0,0,14,0,36,0,10,2,0,0,4,1,8,97,4,24,1,4,37,30,9,0,3,20,6,0,3,18,0,118,2,0
2018,20/10/2018,0,1,11,0,11,0,18,7,0,0,5,0,5,121,0,13,1,4,19,7,9,0,3,16,4,7,4,6,0,172,0,0
2018,27/10/2018,0,1,10,0,30,0,0,0,0,0,4,1,11,230,6,18,0,6,59,13,14,0,10,48,3,2,3,6,0,52,2,1
2018,3/11/2018,0,0,6,0,25,0,0,3,0,0,1,5,6,110,0,18,0,12,22,7,3,0,10,56,3,0,1,9,0,88,0,0
2018,10/11/2018,0,1,6,0,14,0,4,1,0,0,1,13,6,189,0,13,0,0,41,7,4,0,13,22,4,5,3,2,0,224,3,0
2018,17/11/2018,0,0,3,0,9,0,1,3,0,0,0,1,4,46,0,22,0,9,14,12,8,0,22,55,15,0,3,10,0,118,0,0
2018,24/11/2018,0,0,2,0,11,0,1,3,0,0,1,3,3,165,0,11,0,7,49,7,9,0,16,10,15,2,3,12,0,81,1,0
2018,1/12/2018,0,0,4,0,7,0,0,0,0,0,1,2,0,130,1,14,0,3,4,10,0,0,7,19,0,2,8,5,0,56,1,0
2018,8/12/2018,0,0,3,0,6,0,4,2,0,0,0,4,3,108,0,5,0,4,24,4,6,0,1,4,4,0,4,9,0,36,2,0
2018,15/12/2018,0,0,8,0,5,0,0,0,0,0,0,3,0,52,0,10,1,2,32,8,0,0,12,8,0,2,1,0,0,105,0,0
2018,22/12/2018,0,0,1,0,5,0,0,2,0,0,0,0,0,44,0,6,1,0,0,2,1,0,11,4,0,1,1,0,0,24,2,0
2018,29/12/2018,0,0,5,0,7,0,0,1,0,0,0,0,0,1,0,6,0,2,49,0,1,0,10,1,0,0,3,0,0,46,0,0
2019,5/1/2019,0,0,0,0,0,0,0,0,0,0,0,0,0,0,0,0,0,0,0,0,0,0,0,0,0,0,0,0,0,0,0,0
2019,12/1/2019,0,0,1,0,2,0,0,1,0,0,0,0,0,3,0,0,0,0,0,2,0,0,6,0,0,0,5,0,0,0,0,0
2019,19/01/2019,0,0,0,0,3,0,0,0,0,0,0,0,0,10,0,1,0,4,0,0,1,0,13,3,2,0,6,0,0,15,1,0
2019,26/01/2019,0,0,0,0,7,0,0,0,0,0,0,1,0,6,0,9,0,0,0,0,0,0,4,4,3,0,7,4,0,30,0,0
2019,2/2/2019,0,0,0,0,4,0,0,1,0,0,0,0,0,21,0,7,0,1,1,0,0,0,8,2,3,0,9,0,0,14,0,0
2019,9/2/2019,0,0,0,0,15,0,0,0,0,0,0,1,0,7,0,18,1,0,0,1,0,0,8,6,0,0,5,1,0,29,1,0
2019,16/02/2019,0,0,0,0,6,0,0,3,0,0,0,0,0,6,0,6,0,1,0,3,0,0,9,1,1,0,6,3,0,20,1,0
2019,23/02/2019,0,0,0,0,6,0,0,2,0,0,0,0,0,9,0,1,0,0,0,2,0,0,11,0,0,0,4,3,0,14,0,0
2019,2/3/2019,0,0,0,0,3,0,0,1,0,0,0,0,0,10,0,2,0,1,0,0,0,0,10,3,2,0,7,0,0,18,0,0
2019,9/3/2019,0,0,0,0,12,0,0,2,0,0,0,0,0,7,1,2,1,1,0,2,1,0,5,1,1,0,0,4,0,16,0,0
2019,16/03/2019,0,0,0,0,3,0,0,5,0,0,0,0,0,12,0,14,0,2,0,2,2,0,10,0,1,0,4,1,0,15,0,0
2019,23/03/2019,0,0,0,0,5,0,0,1,0,0,0,0,0,8,0,4,2,0,0,0,0,0,7,2,2,0,0,3,0,10,0,0
2019,30/03/2019,0,0,1,0,4,0,0,1,0,0,0,0,0,7,0,16,0,0,0,1,0,0,9,2,2,0,3,0,0,15,0,0
2019,6/4/2019,0,0,1,0,3,0,0,1,0,0,0,1,0,8,0,6,0,0,0,1,0,0,4,0,4,0,4,1,0,22,1,0
2019,13/04/2019,0,0,0,0,5,0,0,0,0,0,0,0,1,9,0,13,0,2,1,4,0,0,7,1,0,0,9,0,0,10,0,0
2019,20/04/2019,0,0,0,2,9,0,0,0,0,0,0,0,0,4,0,1,0,1,0,2,0,0,10,0,0,0,16,0,0,14,0,0
2019,27/04/2019,0,0,0,1,3,0,0,1,0,0,0,0,0,11,0,12,0,1,0,3,1,0,8,0,0,0,9,1,0,21,0,0
2019,4/5/2019,0,0,0,0,7,0,0,1,0,0,0,0,0,6,0,4,0,2,0,0,0,0,7,2,1,0,9,0,0,2,1,0
2019,11/5/2019,0,0,0,0,14,0,0,0,0,0,0,0,1,1,2,7,2,0,0,4,3,0,10,3,0,0,7,1,0,18,0,0
2019,18/05/2019,0,0,0,0,7,0,0,0,0,0,0,0,0,13,5,7,2,0,0,5,10,0,13,5,1,0,18,1,0,20,1,0
2019,25/05/2019,0,0,0,4,8,0,0,0,0,0,0,0,0,9,0,4,1,0,0,2,23,0,6,6,0,0,5,4,0,25,1,0
2019,1/6/2019,0,0,0,0,28,0,0,1,0,0,0,5,5,9,0,4,3,0,0,10,8,0,10,4,0,0,10,7,0,18,0,0
2019,8/6/2019,0,0,1,0,22,0,0,1,0,0,0,1,9,15,0,3,3,1,1,19,8,0,5,5,0,0,5,3,0,35,0,0
2019,15/06/2019,0,0,0,0,26,0,0,1,0,0,1,5,2,18,0,8,5,0,0,31,8,0,9,8,1,0,7,0,0,39,0,0
2019,22/06/2019,0,0,0,1,25,0,0,1,0,0,1,3,6,30,0,2,5,3,0,32,23,0,10,8,0,0,2,2,0,42,1,0
2019,29/06/2019,0,0,0,0,1,0,0,0,0,0,5,10,9,35,0,6,11,3,0,43,8,0,14,15,1,0,3,0,0,156,0,0
2019,6/7/2019,0,0,0,1,36,0,0,0,0,0,3,6,1,60,0,9,0,0,0,36,30,0,13,14,0,0,6,1,0,118,0,0
2019,13/07/2019,0,0,0,0,35,0,0,3,0,0,2,12,5,59,0,16,9,1,2,6,24,0,13,9,0,0,1,1,0,123,1,0
2019,20/07/2019,0,0,0,0,80,0,0,1,0,0,2,8,4,64,0,9,9,0,3,0,1,0,21,19,0,0,2,5,0,108,1,0
2019,27/07/2019,0,0,0,1,33,0,0,0,0,0,4,26,2,93,0,22,0,3,8,1,34,0,25,26,0,0,2,3,0,77,0,0
2019,3/8/2019,0,0,0,0,60,0,0,3,0,0,3,10,22,67,0,27,16,3,10,90,40,0,14,51,1,0,0,3,0,389,2,0
2019,10/8/2019,0,0,1,1,38,0,2,0,0,0,2,5,13,77,0,42,4,3,5,21,21,0,25,29,0,2,0,11,0,517,1,0
2019,17/08/2019,0,0,2,1,3,0,0,2,0,0,1,1,49,230,0,25,3,6,17,46,47,0,25,70,1,3,3,15,0,177,8,0
2019,24/08/2019,0,0,0,1,3,0,0,4,0,0,7,0,41,257,0,39,13,6,11,63,71,1,17,89,0,7,1,12,0,346,8,0
2019,31/08/2019,0,0,0,1,11,1,0,1,0,0,6,78,46,181,0,48,24,5,0,90,36,0,11,102,1,4,0,17,0,339,13,0
2019,7/9/2019,0,0,1,1,8,0,0,9,0,0,7,9,29,525,10,51,24,23,4,75,77,0,44,150,1,2,4,25,0,803,18,0
2019,14/09/2019,1,0,0,1,17,0,0,5,0,0,7,4,51,732,2,51,35,26,12,58,143,1,12,1,1,7,3,11,0,636,20,0
2019,21/09/2019,0,0,0,0,0,0,0,7,0,0,3,7,40,711,19,37,25,34,12,51,44,1,73,3,0,2,5,7,0,375,15,0
2019,28/09/2019,0,0,3,4,8,2,1,4,0,0,13,8,78,533,0,60,37,8,2,122,101,1,48,93,1,12,7,2,0,742,8,0
2019,5/10/2019,2,0,7,1,7,1,3,6,0,0,14,29,104,370,0,31,30,3,21,31,75,0,40,73,3,17,9,4,0,494,18,1
2019,12/10/2019,0,0,7,3,1,15,5,3,0,12,3,0,69,432,0,65,20,4,16,49,127,5,50,88,2,31,1,9,0,375,10,2
2019,19/10/2019,3,2,6,2,5,3,7,9,0,13,5,7,107,321,0,53,26,5,44,34,50,0,54,192,8,39,5,12,0,106,2,8
2019,26/10/2019,0,0,13,3,0,3,5,10,0,3,14,8,0,422,0,46,5,1,26,20,153,0,5,63,8,34,6,13,0,250,17,4
2019,2/11/2019,2,0,5,2,1,2,9,8,0,14,19,7,57,385,4,52,31,11,23,15,69,6,17,20,24,39,7,19,0,402,26,21
2019,9/11/2019,4,0,1,0,2,4,24,6,0,5,26,7,33,333,0,48,15,15,14,24,65,4,11,147,38,45,4,21,0,264,13,8
2019,16/11/2019,0,1,6,6,5,2,13,6,0,5,21,6,15,350,0,75,23,38,23,11,14,7,17,45,17,22,4,15,0,341,7,4
2019,23/11/2019,0,0,4,0,10,0,4,6,0,0,20,6,22,248,0,34,5,7,20,8,22,1,12,15,4,30,5,10,0,100,5,5
2019,30/11/2019,2,0,2,1,1,0,5,6,0,0,8,4,8,153,0,35,2,8,48,5,9,2,23,38,23,17,1,5,0,350,2,9
2019,7/12/2019,0,1,0,2,1,1,11,6,0,0,18,8,8,363,8,27,0,16,31,9,9,3,32,54,9,22,11,4,0,440,10,0
2019,14/12/2019,1,0,4,4,1,0,4,0,0,0,14,22,5,201,0,18,1,4,20,19,7,1,48,3,27,7,8,11,0,303,10,1
2019,21/12/2019,0,0,1,1,1,0,2,0,0,0,7,6,4,252,2,41,0,5,13,1,0,0,49,31,18,11,7,6,0,400,22,0
2019,28/12/2019,0,0,0,0,0,0,0,0,0,0,1,4,0,20,0,4,0,0,23,0,0,0,1,1,0,1,0,0,0,2,16,0
2020,4/1/2020,0,0,0,0,0,0,0,0,0,0,0,0,0,0,0,0,0,0,0,0,0,0,0,0,0,0,0,0,0,0,0,0
2020,11/1/2020,0,0,0,0,0,0,0,0,0,0,0,0,0,0,0,1,1,0,0,0,0,0,1,0,2,0,1,0,0,11,3,0
2020,18/01/2020,0,0,1,1,2,0,0,2,0,0,0,2,4,4,0,1,2,3,0,0,3,0,6,0,4,1,3,0,0,31,1,0
2020,25/01/2020,0,0,0,1,3,0,0,0,0,0,0,5,1,8,0,7,0,1,0,1,1,0,27,0,3,0,5,0,0,47,7,0
2020,1/2/2020,0,0,0,0,4,0,0,2,0,0,1,3,3,19,0,8,0,3,0,3,1,0,12,0,7,1,5,0,0,18,9,0
2020,8/2/2020,0,0,0,2,0,0,0,2,0,0,0,6,2,8,0,5,0,1,0,3,1,0,16,0,6,0,3,3,0,91,5,0
2020,15/02/2020,0,0,0,0,3,0,0,7,0,0,0,7,3,12,1,12,0,4,0,1,2,0,5,0,4,0,4,6,0,46,4,0
2020,22/02/2020,0,0,1,2,1,0,0,1,0,0,0,7,1,10,0,4,1,2,0,1,0,0,13,0,2,1,14,2,0,54,3,0
2020,29/02/2020,0,0,0,2,0,0,0,3,0,0,0,6,0,5,0,1,1,1,0,0,1,0,8,0,0,0,25,2,0,35,1,0
2020,7/3/2020,0,0,0,0,5,0,0,3,0,0,0,9,2,6,7,5,0,0,0,0,2,0,6,1,2,0,17,4,0,42,4,0
2020,14/03/2020,0,0,1,0,3,0,0,1,0,0,0,2,2,2,0,5,0,0,0,2,1,0,1,15,0,0,7,0,0,28,2,0
2020,21/03/2020,0,0,0,0,4,0,0,0,0,0,0,6,2,4,0,11,1,0,0,1,0,0,0,14,3,0,6,0,0,24,2,0
2020,28/03/2020,0,0,0,0,0,0,0,0,0,0,0,5,0,5,0,10,1,2,0,0,0,0,2,1,0,0,7,2,0,28,0,0
2020,4/4/2020,0,0,0,0,1,0,0,0,0,0,0,0,1,15,0,6,0,1,0,0,0,1,0,1,2,0,0,0,0,24,0,0
2020,11/4/2020,0,0,0,0,1,0,0,0,0,0,0,2,6,10,0,2,0,0,0,1,4,0,0,8,0,0,9,1,0,21,2,0
2020,18/04/2020,0,0,0,0,1,0,0,1,0,0,0,0,2,12,0,4,1,1,0,0,0,0,1,8,0,0,0,2,0,19,0,0
2020,25/04/2020,0,0,0,0,1,0,0,0,0,0,0,2,6,29,0,4,0,0,0,0,1,0,0,17,0,0,1,2,0,7,0,0
2020,2/5/2020,0,0,0,1,1,0,0,1,0,0,0,2,6,36,0,3,0,0,1,1,0,0,0,0,1,0,0,0,0,13,1,0
2020,9/5/2020,0,0,0,0,0,0,0,0,0,0,0,0,0,31,0,13,0,3,0,3,0,0,0,35,3,0,0,1,0,26,0,0
2020,16/05/2020,0,0,0,0,0,0,0,0,0,0,0,0,1,29,16,9,0,0,0,0,19,22,0,16,0,0,0,0,0,15,0,0
2020,23/05/2020,0,0,0,0,3,0,0,0,0,0,0,3,0,56,0,0,1,0,0,0,9,22,0,26,2,0,0,2,0,14,0,0
2020,30/05/2020,0,0,0,0,0,0,0,0,0,0,1,6,11,94,0,16,0,1,0,2,3,0,1,50,0,0,2,4,0,22,0,0
2020,6/6/2020,0,0,0,0,4,0,0,1,0,0,0,0,14,67,0,26,4,1,0,1,0,3,0,26,2,0,0,0,0,3,0,0
2020,13/06/2020,0,0,0,0,0,0,0,3,0,0,0,0,12,105,9,136,1,0,0,1,23,2,0,0,0,0,0,11,0,25,0,1
2020,20/06/2020,0,0,0,0,0,0,0,4,0,0,0,0,24,78,6,0,8,0,1,0,0,3,0,0,1,0,0,2,0,12,1,0
2020,27/06/2020,0,0,0,1,1,0,0,0,0,0,1,0,47,87,0,75,3,3,1,1,16,2,1,56,2,0,0,43,0,14,1,0
2020,4/7/2020,0,0,1,0,2,0,0,1,0,0,0,1,6,77,0,0,11,0,5,0,20,2,3,0,0,0,0,13,0,17,0,0
2020,11/7/2020,0,0,0,0,0,0,0,0,0,0,0,1,38,101,0,25,8,1,5,1,0,4,0,1,2,0,0,4,0,26,0,0
2020,18/07/2020,0,0,0,0,0,0,0,1,0,0,3,2,41,104,0,227,9,4,10,3,42,16,3,0,1,0,0,24,0,11,0,0
2020,25/07/2020,0,0,0,0,1,0,0,0,0,0,0,1,5,42,0,15,11,0,2,0,7,21,2,0,5,0,0,21,0,17,0,0
2020,1/8/2020,0,0,0,0,2,0,0,0,0,0,0,0,67,67,0,41,14,0,0,0,39,10,1,44,1,0,0,11,0,45,0,0
2020,8/8/2020,0,0,0,0,0,0,0,1,0,0,6,0,0,200,18,120,10,8,18,16,7,37,0,99,0,0,0,8,0,3,1,0
2020,15/08/2020,0,0,0,0,3,0,0,2,0,0,1,2,0,93,0,35,8,0,8,5,38,6,1,81,3,0,2,63,0,27,0,0
2020,22/08/2020,0,0,0,0,0,0,4,4,0,1,1,49,0,70,0,31,19,1,14,3,23,8,2,0,7,0,0,50,0,15,0,0
2020,29/08/2020,0,0,0,0,1,0,1,6,0,13,5,2,2,136,1,141,19,5,15,5,55,46,2,231,5,0,0,86,0,12,0,0
2020,5/9/2020,0,0,0,0,3,0,21,1,0,8,5,1,71,166,14,48,29,11,21,2,43,15,0,119,5,0,0,108,0,17,0,1
2020,12/9/2020,0,0,0,0,0,0,18,7,0,7,15,16,1,216,10,84,44,10,28,5,28,20,0,98,13,0,1,161,0,18,0,0
2020,19/09/2020,0,0,0,0,2,0,19,10,0,5,4,4,0,194,33,99,41,4,36,5,34,22,0,86,7,0,0,169,0,9,1,0
2020,26/09/2020,0,0,0,0,4,0,28,3,0,20,28,15,0,262,1,146,25,10,49,17,70,18,1,1,25,0,1,123,0,16,1,0
2020,3/10/2020,0,0,1,0,2,0,75,9,0,12,42,1,2,217,10,97,16,12,71,5,60,16,0,145,34,0,0,201,0,42,1,1
2020,10/10/2020,0,0,1,1,3,0,74,11,0,2,42,33,250,245,54,79,33,16,75,14,59,6,0,5,32,0,0,211,0,35,0,5
2020,17/10/2020,0,0,3,0,1,0,55,11,0,14,5,1,23,199,0,88,11,9,112,2,33,22,0,1,13,0,0,14,0,24,0,2
2020,24/10/2020,0,0,1,0,3,0,63,15,0,11,11,2,18,195,23,85,15,8,354,9,32,17,0,3,81,1,0,55,0,26,0,2
2020,31/10/2020,0,0,1,0,4,0,81,15,0,12,32,2,3,294,0,141,1,13,464,5,45,8,1,2,16,1,0,100,0,37,0,2
2020,7/11/2020,0,0,2,0,2,0,135,9,0,11,33,0,19,312,6,92,0,29,77,3,16,15,0,1,18,1,0,34,0,30,0,2
2020,14/11/2020,0,0,3,0,1,0,91,5,0,1,26,0,8,145,3,69,13,9,267,3,1,0,0,36,2,0,1,81,0,6,0,0
2020,21/11/2020,0,0,0,0,1,0,48,9,0,1,9,1,13,161,0,94,12,39,103,5,0,1,0,272,45,0,0,73,0,21,0,3
2020,28/11/2020,0,0,2,0,5,0,77,8,0,2,26,1,5,98,0,56,9,20,83,0,26,1,1,125,57,0,0,29,0,9,0,0
2020,5/12/2020,0,0,1,0,2,0,30,11,0,2,9,0,10,32,4,35,6,6,17,0,16,1,0,108,7,0,0,103,0,9,0,0
2020,12/12/2020,0,0,1,0,0,0,50,5,0,0,2,0,1,58,0,49,3,9,86,8,19,0,0,47,25,0,0,29,0,18,0,0
2020,19/12/2020,0,0,2,0,1,0,13,4,0,0,8,0,2,25,0,40,8,3,9,4,5,0,0,0,12,0,0,10,0,6,0,0
2020,26/12/2020,0,0,5,0,1,0,5,6,0,0,3,1,1,10,0,26,0,1,1,1,1,0,1,39,0,0,0,4,0,3,0,0
2020,2/1/2021,0,0,0,0,1,0,2,3,0,0,0,0,0,4,10,4,1,0,0,0,0,0,0,35,0,0,0,8,0,0,0,0
2021,9/1/2021,0,0,0,0,1,0,0,1,0,0,0,0,0,1,0,0,0,1,0,0,0,0,0,0,0,0,0,0,0,0,0,0
2021,16/01/2021,0,0,0,0,0,0,0,3,0,0,0,0,0,4,0,3,0,0,2,0,0,0,0,0,1,0,0,1,0,2,0,0
2021,23/01/2021,0,0,1,0,0,0,0,2,0,0,0,0,0,4,0,2,0,0,1,0,0,0,0,5,2,0,0,0,0,0,0,0
2021,30/01/2021,0,0,0,0,0,0,0,0,0,0,0,1,0,0,0,14,1,1,0,0,2,0,0,1,0,0,0,0,0,0,0,0
2021,6/2/2021,0,0,0,0,0,0,0,0,0,0,0,0,0,3,1,0,1,0,0,0,0,0,0,0,2,0,0,1,0,0,0,0
2021,13/02/2021,0,0,0,0,0,0,0,0,0,0,0,0,0,4,3,3,0,0,0,0,0,0,0,0,0,0,0,1,0,1,0,0
2021,20/02/2021,0,0,0,0,0,0,0,0,0,0,0,1,0,0,4,2,1,0,0,1,0,0,0,0,0,0,0,0,0,3,0,0
2021,27/02/2021,0,0,0,0,0,0,0,11,0,0,0,0,0,2,0,2,1,0,0,0,0,0,0,1,1,1,0,0,0,1,0,0
2021,6/3/2021,0,0,0,0,0,0,0,0,0,0,0,1,0,0,0,0,0,0,1,0,0,0,0,0,0,0,1,0,0,6,0,0
2021,13/03/2021,0,0,0,0,0,0,0,1,0,0,0,8,0,0,0,2,1,2,0,0,0,0,0,0,1,0,0,0,0,1,0,0
2021,20/03/2021,0,0,0,0,0,0,0,1,0,0,0,0,0,1,0,1,0,0,0,0,0,0,0,0,1,0,0,0,0,1,0,0
2021,27/03/2021,0,0,0,0,0,0,0,2,0,0,1,0,0,3,0,0,2,0,0,0,0,0,0,0,0,0,0,0,0,1,0,0
2021,3/4/2021,0,0,0,0,1,0,0,0,0,0,0,1,0,0,0,0,0,0,1,0,0,0,0,0,0,0,0,0,0,4,0,0
2021,10/4/2021,0,0,0,0,0,0,0,0,0,0,0,0,0,0,1,3,1,0,0,2,0,0,0,0,0,0,1,0,0,3,0,0
2021,17/04/2021,0,0,0,0,0,0,0,1,0,0,0,0,0,0,0,1,0,0,0,2,0,0,0,0,0,0,0,0,0,4,0,0
2021,24/04/2021,0,0,0,0,2,0,0,3,0,0,1,2,0,1,0,5,6,0,0,0,0,0,0,0,0,0,0,0,0,0,0,0
2021,1/5/2021,0,0,0,0,0,0,0,0,0,0,0,9,0,2,0,1,2,0,0,2,0,0,0,0,1,0,1,0,0,9,0,0
2021,8/5/2021,0,0,0,0,2,0,0,0,0,0,0,3,0,0,1,3,1,0,0,4,0,0,0,0,0,0,0,0,0,2,0,0
2021,15/05/2021,0,0,0,0,0,0,0,0,0,0,0,5,0,5,0,1,10,1,0,2,0,0,0,0,0,0,1,0,0,4,0,0
2021,22/05/2021,0,0,0,0,2,0,0,1,0,0,0,3,0,1,0,0,7,2,0,1,0,0,1,0,0,0,0,0,0,8,0,0
2021,29/05/2021,0,0,0,2,0,0,0,2,0,0,0,3,0,1,19,3,8,0,0,5,2,0,0,1,0,0,0,0,0,2,0,0
2021,5/6/2021,0,0,0,0,0,0,0,1,0,0,0,8,0,3,6,3,7,0,0,5,2,0,0,8,1,0,1,0,0,6,0,1
2021,12/6/2021,0,0,0,0,3,0,0,1,0,0,0,9,0,3,6,0,17,0,0,1,2,0,0,3,1,0,0,1,0,9,0,0
2021,19/06/2021,0,0,0,1,2,0,0,1,0,0,0,6,0,1,12,5,21,0,0,3,11,0,0,12,1,0,0,0,0,12,0,0
2021,26/06/2021,0,0,0,0,0,0,0,2,0,0,0,5,0,2,14,0,13,1,0,2,5,0,0,6,2,0,0,0,0,8,0,0
2021,3/7/2021,0,0,0,0,1,0,0,0,0,0,0,6,0,5,5,6,15,0,0,10,1,0,0,3,0,0,0,0,0,8,0,0
2021,10/7/2021,0,0,0,0,0,0,0,1,0,0,0,6,0,4,0,4,22,1,0,5,3,0,0,4,0,0,0,0,0,14,0,0
2021,17/07/2021,0,0,0,0,1,0,0,1,0,0,2,2,0,1,7,0,20,0,0,3,0,0,0,0,1,0,0,0,0,15,0,0
2021,24/07/2021,0,0,0,0,2,0,0,2,0,0,2,6,0,4,3,4,22,0,0,7,5,0,0,2,0,0,0,0,0,29,0,0
2021,31/07/2021,0,0,0,0,2,0,0,1,0,0,1,7,0,7,3,6,2,0,0,6,5,0,0,1,1,0,0,0,0,28,0,0
2021,7/8/2021,0,0,0,0,2,0,0,2,0,0,2,9,0,2,0,2,2,0,4,3,11,0,1,2,1,0,0,0,0,9,0,0
2021,14/08/2021,0,0,0,0,0,0,0,0,0,0,0,6,0,3,7,5,1,0,3,6,8,0,1,1,0,0,0,0,0,12,0,0
2021,21/08/2021,0,0,0,0,2,0,0,4,0,0,1,1,0,2,1,3,2,0,1,6,1,0,1,2,0,0,0,0,0,22,0,0
2021,28/08/2021,0,0,0,0,1,0,0,2,0,0,2,2,0,3,12,3,0,0,6,6,5,0,0,5,6,0,0,0,0,24,0,0
2021,4/9/2021,0,0,0,0,3,0,4,0,0,0,1,3,2,4,4,0,0,0,6,3,14,0,0,1,3,0,3,0,0,17,0,0
2021,11/9/2021,0,0,0,0,5,0,4,1,0,0,3,1,0,7,0,2,0,2,4,8,1,0,2,1,2,0,5,0,0,27,0,0
2021,18/09/2021,0,0,0,1,2,0,6,0,0,0,0,0,2,4,1,5,2,0,1,4,0,0,0,0,15,0,3,1,0,21,0,0
2021,25/09/2021,0,0,0,0,2,0,38,0,0,0,1,1,4,3,2,3,3,0,3,8,2,0,0,2,18,0,1,0,0,19,0,0
2021,2/10/2021,0,0,0,0,1,0,73,0,0,0,1,1,1,4,0,6,1,0,1,4,1,0,0,1,21,14,3,0,0,39,0,0
2021,9/10/2021,0,0,0,0,1,0,150,3,0,0,1,1,0,3,0,3,2,0,1,17,2,0,0,6,40,18,5,0,0,35,0,0
2021,16/10/2021,0,0,0,0,9,0,86,0,0,0,1,0,2,1,0,0,4,0,3,4,2,0,0,0,40,1,2,1,0,56,0,0
2021,23/10/2021,0,0,0,0,7,0,174,3,0,0,0,4,1,10,0,4,1,1,4,8,6,0,0,1,54,17,2,0,0,48,0,0
2021,30/10/2021,0,0,2,0,2,0,53,3,0,2,0,6,0,11,10,14,7,3,7,6,1,0,0,1,84,6,1,0,0,36,0,0
2021,6/11/2021,0,0,0,0,9,0,69,2,0,1,0,1,0,4,0,3,5,2,5,7,0,0,0,3,93,0,2,0,0,58,0,0
2021,13/11/2021,0,0,1,1,9,0,117,4,0,0,0,1,0,6,21,5,2,1,3,2,2,0,1,1,117,11,1,0,0,52,0,0
2021,20/11/2021,0,0,1,0,6,0,119,2,0,2,0,2,0,2,0,8,4,1,2,2,0,0,0,2,94,6,5,1,0,45,0,0
2021,27/11/2021,0,0,0,0,0,0,0,1,0,0,0,1,0,0,0,0,1,0,0,2,0,0,0,0,2,0,0,0,0,0,0,0
2021,4/12/2021,0,0,0,0,0,0,0,0,0,0,0,0,0,0,0,0,0,0,0,0,0,0,0,0,0,0,0,0,0,0,0,0
2021,11/12/2021,0,0,0,0,0,0,0,0,0,0,0,0,0,0,0,0,0,0,0,0,0,0,0,0,0,0,0,0,0,0,0,0
2021,18/12/2021,0,0,0,0,0,0,0,0,0,0,0,0,0,0,0,0,0,0,0,0,0,0,0,0,0,0,0,0,0,0,0,0
2021,25/12/2021,0,0,0,0,0,0,0,0,0,0,0,0,0,0,0,0,0,0,0,0,0,0,0,0,0,0,0,0,0,0,0,0
2022,1/1/2022,0,0,0,0,0,0,0,0,0,0,0,1,0,1,0,2,3,0,0,4,0,0,0,0,6,0,0,0,0,2,0,0
2022,8/1/2022,0,0,0,0,0,0,0,0,0,0,0,0,0,0,0,0,0,0,0,0,0,0,1,0,0,0,0,0,0,0,0,0
2022,15/01/2022,0,0,1,1,3,0,0,5,0,0,0,0,0,0,0,1,1,0,0,0,1,0,25,0,2,0,3,0,0,5,14,0
2022,22/01/2022,0,0,1,3,5,0,0,4,0,1,0,2,0,0,0,3,1,0,1,2,1,0,37,0,2,0,4,0,0,13,10,0
2022,29/01/2022,0,0,0,0,1,0,0,2,0,0,0,5,0,0,0,0,0,0,0,1,1,0,46,1,5,0,4,0,0,11,12,0
2022,5/2/2022,0,0,1,1,2,0,0,0,0,0,0,3,0,0,0,0,0,0,0,1,0,0,52,0,3,0,7,1,0,8,12,0
2022,12/2/2022,0,0,1,1,0,0,0,2,0,0,0,1,0,1,0,3,1,0,0,0,3,0,63,0,4,0,2,1,0,8,21,0
2022,19/02/2022,0,0,0,1,1,0,0,1,0,0,0,3,0,0,0,5,0,0,0,0,0,0,53,0,4,0,4,2,0,3,9,0
2022,26/02/2022,0,0,0,2,2,0,0,2,0,0,0,2,0,0,0,2,0,0,0,1,1,0,36,0,3,0,6,1,0,5,5,0
2022,5/3/2022,0,0,0,3,3,0,0,1,0,0,0,4,0,0,0,0,0,1,0,0,0,0,29,0,0,0,2,0,0,7,7,0
2022,12/3/2022,0,0,1,1,2,0,0,1,0,0,0,4,0,1,0,1,0,1,0,1,1,0,74,0,1,0,12,0,0,2,18,0
2022,19/03/2022,0,0,0,3,2,0,0,2,0,0,0,1,0,0,0,2,0,0,0,0,0,0,39,0,0,0,5,0,0,8,6,0
2022,26/03/2022,0,0,0,2,1,0,0,0,0,0,0,1,0,0,0,0,0,0,0,1,2,0,45,0,0,0,5,0,0,5,5,0
2022,2/4/2022,0,0,0,3,3,0,0,0,0,1,0,1,2,0,0,1,1,0,0,1,0,0,30,0,4,0,8,1,0,6,4,0
2022,9/4/2022,0,0,0,0,2,0,0,0,0,0,0,2,2,0,0,5,0,1,0,0,3,0,19,0,0,0,3,0,0,3,3,0
2022,16/04/2022,0,0,0,0,4,0,0,3,0,0,0,3,0,0,0,0,2,0,0,0,0,0,17,0,0,0,7,0,0,10,6,0
2022,23/04/2022,0,0,0,1,5,0,0,2,0,0,0,2,0,0,0,0,0,0,0,0,1,0,11,0,2,0,9,0,0,6,12,0
2022,30/04/2022,0,0,0,0,4,0,0,0,0,0,0,8,0,0,0,2,1,0,0,0,0,0,18,0,0,0,11,2,0,6,13,0
2022,7/5/2022,0,0,0,0,3,0,0,2,0,0,0,4,0,0,0,0,0,0,0,0,3,0,14,0,1,0,1,4,0,13,5,0
2022,14/05/2022,0,0,0,1,3,0,0,1,0,0,0,4,0,0,0,0,2,0,0,0,4,0,12,0,1,0,6,2,0,11,8,0
2022,21/05/2022,0,0,0,1,7,0,0,0,0,0,0,5,0,0,0,0,2,0,0,2,1,0,10,0,0,0,4,0,0,11,8,0
2022,28/05/2022,0,0,0,1,5,0,0,0,0,0,0,2,1,0,0,0,8,0,0,3,7,0,20,0,2,0,5,0,0,34,12,0
2022,4/6/2022,0,0,0,0,2,0,0,0,0,0,0,2,0,1,0,0,4,0,0,11,15,0,9,5,0,0,5,0,0,19,11,0
2022,11/6/2022,0,0,0,0,12,0,0,2,0,0,0,3,0,0,0,6,1,0,0,9,15,0,16,8,1,0,6,0,0,35,20,0
2022,18/06/2022,0,0,0,3,13,0,0,1,0,0,0,5,1,0,0,7,6,1,3,0,29,0,14,6,0,0,10,4,0,23,32,0
2022,25/06/2022,0,0,0,5,7,0,1,0,0,0,0,9,1,0,0,1,16,0,0,18,26,0,18,11,1,0,3,2,0,46,43,0
2022,2/7/2022,0,0,0,1,14,0,0,3,0,0,17,5,0,0,0,2,15,1,1,8,68,0,14,10,0,0,8,4,0,92,54,0
2022,9/7/2022,0,0,0,2,23,0,0,0,0,0,16,5,2,4,0,2,38,0,2,13,54,0,18,9,1,1,2,1,0,69,41,0
2022,16/07/2022,0,0,1,0,21,0,0,0,0,0,0,8,6,5,0,3,38,2,0,17,62,0,31,11,2,0,7,2,0,152,64,0
2022,23/07/2022,0,0,0,2,22,0,0,0,0,0,3,7,3,3,0,3,49,2,0,36,78,0,39,4,0,0,1,2,0,109,84,0
2022,30/07/2022,0,0,1,3,22,0,0,0,0,0,8,7,7,0,0,5,40,1,1,23,60,0,69,10,1,0,3,2,0,167,60,0
2022,6/8/2022,0,0,1,1,41,0,1,1,0,0,1,23,2,4,0,3,43,0,2,52,65,0,71,9,0,0,2,3,0,178,52,0
2022,13/08/2022,0,0,0,2,25,0,0,1,0,0,2,26,3,12,0,8,29,0,1,44,76,0,71,8,0,0,9,0,0,191,119,0
2022,20/08/2022,0,0,1,7,68,0,0,0,0,0,5,40,4,10,0,20,18,0,0,49,113,0,88,9,0,0,9,3,0,288,156,0
2022,27/08/2022,0,0,6,7,81,0,0,1,0,0,6,39,6,4,0,8,21,2,3,45,143,0,79,9,3,0,16,1,0,363,260,0
2022,3/9/2022,1,0,4,15,82,0,0,5,0,0,6,34,17,17,0,16,25,6,2,48,61,0,100,37,0,0,30,2,0,255,268,0
2022,10/9/2022,2,0,4,25,88,0,1,1,0,0,16,78,35,8,0,17,75,4,2,60,156,0,106,18,2,1,56,5,0,475,452,0
2022,17/09/2022,2,0,3,48,125,0,0,2,0,0,12,33,62,16,0,27,34,3,1,54,105,0,91,22,0,0,63,1,0,341,257,0
2022,24/09/2022,1,0,10,51,96,0,4,4,0,1,20,7,38,35,0,30,46,6,2,8,109,1,101,29,1,0,95,1,0,420,397,0
2022,1/10/2022,10,0,5,79,80,0,3,22,0,0,21,44,70,43,0,29,88,10,1,37,203,16,83,41,5,0,125,7,0,734,417,0
2022,8/10/2022,11,0,28,74,88,0,6,16,0,0,23,54,73,49,0,37,64,15,1,36,178,6,59,43,8,0,143,3,0,631,270,0
2022,15/10/2022,11,0,42,96,90,0,16,23,0,0,47,44,89,45,0,58,52,17,6,39,170,15,71,47,2,0,165,7,0,508,305,0
2022,22/10/2022,31,0,28,83,114,0,12,8,0,0,51,21,38,61,0,50,55,11,4,43,167,8,100,37,4,1,137,21,0,499,169,0
2022,29/10/2022,34,0,23,47,65,0,3,19,0,2,36,22,62,54,1,59,40,3,1,76,135,19,74,44,5,5,106,10,0,353,100,0
2022,5/11/2022,21,7,19,54,47,0,11,22,0,1,43,1,17,48,0,56,30,2,4,28,50,13,74,16,1,0,71,7,0,235,143,0
2022,12/11/2022,18,14,28,39,36,0,10,13,0,2,22,2,9,50,0,70,33,2,4,39,42,6,89,41,8,3,70,10,0,219,87,0
2022,19/11/2022,26,6,36,15,29,0,8,24,0,0,37,18,11,55,0,54,25,7,5,14,103,0,59,29,6,2,85,7,0,142,74,0
2022,26/11/2022,16,11,48,32,30,0,2,25,0,0,25,23,8,29,0,56,24,7,4,16,43,4,69,8,6,2,49,3,0,129,34,1
2022,3/12/2022,9,9,81,28,21,0,1,27,0,1,21,87,5,43,0,47,17,10,2,16,41,2,63,19,11,1,55,4,0,151,30,0
2022,10/12/2022,9,5,55,44,26,0,6,30,0,0,28,176,6,30,0,35,12,5,1,14,30,0,111,15,7,1,69,2,0,94,113,0
2022,17/12/2022,2,0,50,9,13,0,2,16,0,0,8,301,3,11,0,34,16,2,0,22,16,2,72,6,2,0,44,13,0,82,28,0
2022,24/12/2022,0,0,20,6,2,0,0,13,0,1,2,170,1,6,5,11,0,4,0,5,11,0,7,1,1,0,36,7,0,32,1,0
2022,31/12/2022,1,0,33,6,12,0,0,20,0,0,2,268,0,5,1,16,12,8,0,5,5,1,79,3,6,0,26,2,0,31,10,0
2023,7/1/2023,0,0,0,0,0,0,0,3,0,0,1,0,0,0,0,0,0,0,0,0,0,0,0,0,0,0,17,0,0,0,0,0
2023,14/01/2023,0,0,16,2,9,0,0,16,0,0,0,92,0,6,0,13,1,1,0,3,2,0,9,1,4,0,94,5,0,6,10,0
2023,21/01/2023,0,0,7,16,17,0,0,24,0,0,1,139,0,4,0,17,4,7,1,2,1,0,8,3,12,0,98,4,0,27,0,0
2023,28/01/2023,0,0,18,24,10,0,0,33,0,0,0,180,0,10,1,34,3,8,0,6,8,0,58,0,7,0,171,11,0,31,17,0
2023,4/2/2023,0,0,8,15,16,0,0,22,0,0,0,178,0,3,2,19,1,9,0,0,2,0,29,5,12,0,107,2,0,28,7,0
2023,11/2/2023,0,0,15,11,5,0,0,25,0,0,0,157,0,2,2,41,0,8,0,0,10,0,21,0,9,0,74,3,0,24,6,0
2023,18/02/2023,0,0,5,13,12,0,0,39,0,0,0,77,0,4,0,26,5,4,0,0,2,0,59,0,8,0,135,3,0,20,6,0
2023,25/02/2023,0,0,9,13,6,0,0,30,0,0,0,69,0,3,0,40,1,7,0,1,1,0,36,7,7,0,144,4,0,27,1,0
2023,4/3/2023,0,0,8,10,11,0,0,14,0,0,0,51,0,3,1,30,8,11,0,0,1,0,25,2,7,0,145,3,0,17,2,0
2023,11/3/2023,0,0,1,11,8,0,0,23,0,0,0,81,0,6,3,55,3,12,0,0,3,0,13,11,11,0,126,3,0,21,2,0
2023,18/03/2023,0,0,5,8,10,0,0,30,0,0,0,27,0,5,0,40,4,8,0,0,1,0,29,2,5,0,124,2,0,35,2,0
2023,25/03/2023,0,0,0,9,12,0,0,27,0,0,0,16,0,1,0,29,1,11,0,1,1,0,19,12,4,0,108,7,0,38,1,0
2023,1/4/2023,0,0,3,20,17,0,0,15,0,0,0,21,2,3,0,20,4,14,0,1,5,0,16,3,1,0,61,3,0,46,0,0
2023,8/4/2023,0,0,3,8,11,0,0,20,0,0,0,14,0,9,6,20,2,12,0,4,5,0,10,17,8,0,55,2,0,30,0,0
2023,15/04/2023,0,0,2,6,5,0,0,25,0,0,0,15,2,4,8,21,1,14,0,1,7,1,10,5,3,0,86,9,0,42,1,0
2023,22/04/2023,0,0,1,7,19,0,0,19,0,0,0,17,4,4,6,63,9,53,0,1,10,3,9,18,8,0,68,5,0,30,2,0
2023,29/04/2023,0,0,1,3,10,0,0,33,0,0,0,11,11,7,1,41,9,11,0,5,5,4,6,25,3,0,48,7,0,54,1,0
2023,6/5/2023,0,0,3,5,17,0,0,34,0,0,0,13,4,11,2,73,6,38,0,2,6,0,2,10,9,0,60,3,0,79,1,0
2023,13/05/2023,0,0,1,2,19,0,0,24,0,0,0,13,13,13,11,49,9,7,0,10,11,2,6,34,7,0,29,15,0,61,1,0
2023,20/05/2023,0,0,2,1,14,0,0,17,0,0,0,11,7,3,6,25,5,31,0,12,11,0,4,3,7,0,25,9,0,38,1,0
2023,27/05/2023,0,0,3,4,19,0,0,25,0,0,1,18,7,36,3,58,19,19,1,6,23,0,4,52,10,0,20,10,0,60,2,0
2023,3/6/2023,0,0,4,2,31,0,0,31,0,0,0,23,7,12,8,49,16,29,2,20,16,2,0,32,5,3,19,22,0,24,0,0
2023,10/6/2023,0,0,2,1,30,0,0,26,0,0,2,22,9,30,34,43,12,40,0,46,21,0,0,45,9,4,6,8,0,62,0,0
2023,17/06/2023,0,0,4,0,49,0,0,41,0,0,6,17,16,64,55,108,35,27,5,70,31,1,0,37,19,1,10,16,0,85,0,2
2023,24/06/2023,1,0,15,0,29,0,1,30,0,0,30,78,20,81,133,113,35,45,10,118,67,5,1,22,6,6,4,17,0,71,0,2
2023,1/7/2023,1,0,9,0,54,0,8,14,0,0,17,45,34,77,45,160,62,49,10,124,52,9,0,43,18,0,6,7,0,57,0,2
2023,8/7/2023,2,0,12,0,56,0,17,51,0,0,14,54,35,137,73,143,115,33,27,181,73,17,1,35,18,0,1,5,0,54,0,0
2023,15/07/2023,1,0,5,0,61,0,35,22,0,0,14,44,21,112,71,112,91,55,28,62,88,24,1,58,7,0,3,8,0,49,0,2
2023,22/07/2023,1,0,21,0,60,0,24,56,0,0,29,14,11,202,77,208,196,64,78,252,88,14,0,21,13,0,10,8,0,47,0,0
2023,29/07/2023,1,0,23,2,76,0,28,45,0,1,26,103,19,189,61,191,233,39,86,143,71,26,1,35,19,0,10,30,0,56,0,0
2023,5/8/2023,2,0,4,1,55,0,27,50,0,1,31,20,10,151,101,129,134,42,101,69,112,17,1,139,9,0,20,29,0,75,1,1
2023,12/8/2023,7,0,43,2,58,0,66,74,0,2,39,46,35,262,57,113,239,63,140,110,99,69,3,103,16,0,40,40,0,99,4,1
2023,19/08/2023,9,0,33,3,69,0,43,95,0,9,64,30,26,278,90,148,218,68,194,86,120,93,2,75,24,0,35,54,0,137,1,7
2023,26/08/2023,0,0,0,0,24,0,1,0,7,0,0,1,0,0,0,2,11,0,0,14,1,0,8,0,0,18,19,0,0,46,2,0
2023,2/9/2023,0,0,3,0,24,1,1,0,17,0,0,2,0,0,81,9,15,0,1,11,6,0,13,0,3,41,29,0,0,51,12,0
2023,9/9/2023,0,0,1,2,28,0,0,0,23,0,0,3,0,1,68,3,16,0,0,5,1,0,10,0,6,82,36,0,0,79,8,0
2023,16/09/2023,0,0,5,1,30,0,1,0,4,0,0,31,0,1,4,5,13,0,0,6,5,0,12,0,9,28,28,1,0,75,15,0
2023,23/09/2023,0,0,4,2,21,4,0,0,16,0,0,14,0,1,37,1,11,0,1,7,2,0,17,0,7,62,19,0,0,53,11,0
2023,30/09/2023,0,0,0,3,16,1,0,0,7,0,1,18,0,2,29,4,14,0,1,4,7,0,14,0,5,115,30,6,0,69,20,0
2023,7/10/2023,0,2,4,5,13,3,2,0,47,0,0,35,0,3,34,1,7,0,12,9,1,0,18,1,18,125,24,3,0,60,24,0
2023,14/10/2023,0,19,2,1,9,0,7,0,36,0,0,19,0,2,0,3,17,1,4,7,8,0,15,0,23,148,32,0,0,69,16,0
2023,21/10/2023,0,2,3,5,12,0,6,0,68,0,0,39,0,1,62,10,16,0,2,10,8,0,23,0,24,66,34,1,0,60,29,0
2023,28/10/2023,0,8,3,3,10,18,0,0,23,0,0,9,0,2,3,5,14,0,2,1,8,0,28,0,14,115,43,1,0,56,22,0
2023,4/11/2023,0,25,4,3,3,0,0,0,40,0,0,17,0,4,0,7,6,0,5,3,6,0,27,0,19,89,12,2,0,28,11,0
2023,11/11/2023,0,0,8,0,13,5,9,0,78,0,0,13,0,3,0,0,10,0,4,6,6,0,30,0,22,49,36,3,0,46,23,0
2023,18/11/2023,0,0,7,0,7,13,4,0,31,0,0,27,1,2,0,5,10,0,1,3,5,0,26,0,23,68,17,2,0,60,13,0
2023,25/11/2023,0,0,7,2,2,0,3,0,5,0,0,30,0,1,0,2,13,0,4,4,6,0,15,0,8,19,17,0,0,36,6,0
2023,2/12/2023,0,0,1,2,6,0,4,0,11,0,0,22,0,4,0,6,5,0,2,7,6,0,27,0,14,30,14,1,0,44,9,0
2023,9/12/2023,0,0,4,0,6,2,4,0,12,0,0,9,1,0,0,3,10,0,0,0,1,0,17,0,13,9,10,0,0,33,18,0
2023,16/12/2023,0,0,0,0,7,0,8,0,2,0,0,9,0,0,0,0,0,0,0,2,3,0,20,0,4,2,8,0,0,30,7,0
2023,23/12/2023,0,0,0,0,5,1,8,0,0,0,0,0,0,1,0,1,1,0,0,1,1,0,8,0,5,0,3,0,0,13,3,0
2023,30/12/2023,0,0,0,1,2,0,1,0,1,0,0,3,0,0,0,1,1,0,0,0,0,0,44,0,3,4,5,1,0,17,15,0
2024,6/1/2024,0,0,0,0,0,0,0,0,0,0,0,0,0,0,0,0,0,0,0,0,0,0,1,0,0,0,0,0,0,0,0,0
2024,13/01/2024,0,0,1,1,3,0,5,0,0,0,0,0,0,0,0,1,1,0,0,0,1,0,25,0,2,0,3,0,0,5,14,0
2024,20/01/2024,0,0,1,3,5,0,4,0,0,1,0,2,0,0,0,3,1,0,1,2,1,0,37,0,2,0,4,0,0,13,10,0
2024,27/01/2024,0,0,0,0,1,0,2,0,0,0,0,5,0,0,0,0,0,0,0,1,1,0,46,1,5,0,4,0,0,11,12,0
2024,3/2/2024,0,0,1,1,2,0,0,0,0,0,0,3,0,0,0,0,0,0,0,1,0,0,52,0,3,0,7,1,0,8,12,0
2024,10/2/2024,0,0,1,1,0,0,2,0,0,0,0,1,0,1,0,3,1,0,0,0,3,0,63,0,4,0,2,1,0,8,21,0
2024,17/02/2024,0,0,0,1,1,0,1,0,0,0,0,3,0,0,0,5,0,0,0,0,0,0,53,0,4,0,4,2,0,3,9,0
2024,24/02/2024,0,0,0,2,2,0,3,0,0,0,0,2,0,0,0,2,0,0,0,1,1,0,36,0,3,0,6,1,0,5,5,0
2024,2/3/2024,0,0,0,3,3,0,0,0,0,0,0,4,0,0,0,0,0,1,0,0,0,0,29,0,0,0,2,0,0,7,7,0
2024,9/3/2024,0,0,1,1,2,0,1,0,0,0,0,4,0,1,0,1,0,1,0,1,1,0,74,0,1,0,12,0,0,2,18,0
2024,16/03/2024,0,0,0,3,2,0,2,0,0,0,0,1,0,0,0,2,0,0,0,0,0,0,39,0,0,0,5,0,0,8,6,0
2024,23/03/2024,0,0,0,2,1,0,0,0,0,0,0,1,0,0,0,0,0,0,0,1,2,0,45,0,0,0,5,0,0,5,5,0
2024,30/03/2024,0,0,0,3,3,0,0,0,0,1,0,1,2,0,0,1,1,0,0,1,0,0,30,0,4,0,8,1,0,6,4,0
2024,6/4/2024,0,0,0,0,2,0,0,0,0,0,0,2,2,0,0,5,0,1,0,0,3,0,19,0,0,0,3,0,0,3,3,0
2024,13/04/2024,0,0,0,0,4,0,3,0,0,0,0,3,0,0,0,0,2,0,0,0,0,0,17,0,0,0,7,0,0,10,6,0
2024,20/04/2024,0,0,0,1,5,0,2,0,0,0,0,2,0,0,0,0,0,0,0,0,1,0,11,0,2,0,9,0,0,6,0,0
2024,27/04/2024,0,0,0,0,4,0,0,0,0,0,0,8,0,0,0,2,1,0,0,0,0,0,18,0,0,0,11,2,0,6,25,0
2024,4/5/2024,0,0,0,0,3,0,2,0,0,0,0,4,0,0,0,0,0,0,0,0,3,0,14,0,1,0,1,4,0,13,5,0
2024,11/5/2024,0,0,0,1,3,0,1,0,0,0,0,4,0,0,0,0,2,0,0,0,4,0,12,0,1,0,6,2,0,11,8,0
2024,18/05/2024,0,0,0,1,7,0,0,0,0,0,0,5,0,0,0,0,2,0,0,2,1,0,10,0,0,0,4,0,0,11,8,0
2024,25/05/2024,0,0,0,1,5,0,0,0,0,0,0,2,1,0,0,0,8,0,0,3,7,0,20,0,2,0,5,0,0,34,12,0
2024,1/6/2024,0,0,0,0,2,0,0,0,0,0,0,2,0,1,0,0,4,0,0,11,15,0,9,5,0,0,5,0,0,19,11,0
2024,8/6/2024,0,0,0,0,12,0,2,0,0,0,0,3,0,0,0,6,1,0,0,9,15,0,16,8,1,0,6,0,0,35,20,0
2024,15/06/2024,0,0,0,3,13,0,1,0,0,0,0,5,1,0,0,7,6,1,2,0,29,0,14,6,0,0,10,4,0,23,32,0
2024,22/06/2024,0,0,0,5,7,0,0,0,1,0,0,9,1,0,0,1,16,0,1,18,26,0,18,11,1,0,3,2,0,46,43,0
2024,29/06/2024,0,0,0,1,14,0,3,0,0,0,17,5,0,0,0,2,15,1,1,8,68,0,14,10,0,0,8,4,0,92,54,0
2024,6/7/2024,0,0,0,2,23,0,0,0,0,0,16,5,2,4,0,2,38,0,2,13,54,0,18,9,1,1,2,1,0,69,41,0
2024,13/07/2024,0,0,1,0,21,0,0,0,0,0,0,8,6,5,0,3,38,2,0,17,62,0,31,11,2,0,7,2,0,152,64,0
2024,20/07/2024,0,0,0,2,22,0,0,0,0,0,3,7,3,3,0,3,49,2,0,36,78,0,39,4,0,1,1,2,0,109,84,0
2024,27/07/2024,0,0,1,3,22,0,0,0,0,0,8,7,7,0,0,5,40,1,1,23,60,0,69,10,1,0,3,2,0,167,60,0
2024,3/8/2024,0,0,1,1,41,0,1,0,1,0,1,23,2,4,1,3,43,0,2,52,65,0,71,9,0,0,2,3,0,178,52,0
2024,10/8/2024,0,0,0,2,25,0,1,0,0,0,2,26,3,12,0,8,29,1,1,44,76,0,71,8,0,0,9,0,0,191,119,0
2024,17/08/2024,0,0,0,0,0,0,0,0,0,0,0,0,0,0,0,0,0,0,0,0,0,0,0,0,0,0,0,0,0,0,0,0
